AsID,AsAlguseKpv,AsLopuKpv,AsKontakt,AsRegNumber,KdIDAsutuseLiik,AsLyhiNimi,AsPikkNimi,IAsIDLooja,LoodiKpv,IAsIDMuutja,MuudetiKpv,KustutatiKpv,AsMuuKeelesNimi,KdIDStaatus,AsIDYlemus,KdIDRiik,AsAsutuseAadress,AsInglise,AsSaksa,AsPrantsuse,AsAsutuseKood,AkpID
1,1989-12-27,2002-04-29,info@asutus0.ee,77000281,559,Alutaguse Vallavalitsus,Alutaguse Vallavalitsus,20.0,1982-09-30,12.0,2015-10-13,,Muu keeles nimi,549,,,"Ida-Viru maakond, Alutaguse vald, Iisaku alevik, Tartu mnt 56, 41101",Inglise keelne nimetus,Saksa keelne nimetus,Prantsuse keelne nimetus,AS-7912,17
2,1982-09-03,1993-02-08,info@asutus1.ee,75018816,560,Anija Vallavalitsus,Anija Vallavalitsus,55.0,1981-06-01,,,,Muu keeles nimi,549,,,"Harju maakond, Anija vald, Kehra linn, F. R. Kreutzwaldi tn 6, 74307",Inglise keelne nimetus,Saksa keelne nimetus,Prantsuse keelne nimetus,AS-4611,230
3,2004-12-15,,info@asutus2.ee,75010418,559,Antsla Vallavalitsus,Antsla Vallavalitsus,185.0,1980-04-16,,,,Muu keeles nimi,549,,,"Võru maakond, Antsla vald, Antsla linn, F. R. Kreutzwaldi tn 1, 66403",Inglise keelne nimetus,Saksa keelne nimetus,Prantsuse keelne nimetus,AS-7924,175
4,2004-12-05,2022-01-19,info@asutus3.ee,14475830,560,Asjadevalitsuse OÜ,Asjadevalitsuse OÜ,205.0,1995-02-05,269.0,2012-02-20,,Muu keeles nimi,549,,,"Valga maakond, Tõrva vald, Alamõisa küla, Mõisa, 68403",Inglise keelne nimetus,Saksa keelne nimetus,Prantsuse keelne nimetus,AS-5333,414
5,1983-11-24,,info@asutus4.ee,80161970,560,Mittetulundusühing Avatud Vabariik,Mittetulundusühing Avatud Vabariik,24.0,1983-01-03,330.0,2024-05-17,,Muu keeles nimi,549,,,"Harju maakond, Tallinn, Kesklinna linnaosa, Ahtri tn 8, 10151",Inglise keelne nimetus,Saksa keelne nimetus,Prantsuse keelne nimetus,AS-2291,283
6,2006-04-20,,info@asutus5.ee,90009861,559,Eestirootslaste Kultuuriomavalitsuse Sihtasutus,Eestirootslaste Kultuuriomavalitsuse Sihtasutus,134.0,1996-03-22,,,,Muu keeles nimi,549,,,"Lääne maakond, Haapsalu linn, Haapsalu linn, Sadama tn 31, 90502",Inglise keelne nimetus,Saksa keelne nimetus,Prantsuse keelne nimetus,AS-1750,339
7,2000-06-11,,info@asutus6.ee,80140436,559,EESTI ÕPILASESINDUSTE LIIT,EESTI ÕPILASESINDUSTE LIIT,175.0,1981-10-15,,,,Muu keeles nimi,549,,,"Harju maakond, Tallinn, Kesklinna linnaosa, Pärnu mnt 102-21, 11312",Inglise keelne nimetus,Saksa keelne nimetus,Prantsuse keelne nimetus,AS-7227,143
8,2020-09-04,,info@asutus7.ee,77000170,559,Elva Vallavalitsus,Elva Vallavalitsus,170.0,1996-05-13,223.0,2012-04-19,,Muu keeles nimi,549,,,"Tartu maakond, Elva vald, Elva linn, Kesk tn 32, 61507",Inglise keelne nimetus,Saksa keelne nimetus,Prantsuse keelne nimetus,AS-5374,360
9,1986-05-28,,info@asutus8.ee,75014244,559,Haabersti Linnaosa Valitsus,Haabersti Linnaosa Valitsus,64.0,1981-12-01,,,,Muu keeles nimi,549,,,"Harju maakond, Tallinn, Haabersti linnaosa, Ehitajate tee 109a/1, 13514",Inglise keelne nimetus,Saksa keelne nimetus,Prantsuse keelne nimetus,AS-3677,237
10,2014-01-15,,info@asutus9.ee,75012802,559,Haapsalu Linnavalitsus,Haapsalu Linnavalitsus,181.0,2008-09-15,,,,Muu keeles nimi,549,,,"Lääne maakond, Haapsalu linn, Haapsalu linn, Posti tn 34, 90504",Inglise keelne nimetus,Saksa keelne nimetus,Prantsuse keelne nimetus,AS-6313,432
11,1985-01-06,,info@asutus10.ee,75013144,560,Haljala Vallavalitsus,Haljala Vallavalitsus,205.0,1980-03-06,,,,Muu keeles nimi,549,,,"Lääne-Viru maakond, Haljala vald, Haljala alevik, Tallinna mnt 13, 45301",Inglise keelne nimetus,Saksa keelne nimetus,Prantsuse keelne nimetus,AS-5386,34
12,1998-12-05,,info@asutus11.ee,80195199,560,Harjumaa Omavalitsuste Liit,Harjumaa Omavalitsuste Liit,189.0,1992-09-20,,,,Muu keeles nimi,549,,,"Harju maakond, Tallinn, Haabersti linnaosa, Sirge tn 2, 10618",Inglise keelne nimetus,Saksa keelne nimetus,Prantsuse keelne nimetus,AS-4483,336
13,2024-10-14,,info@asutus12.ee,75014132,559,Harku Vallavalitsus,Harku Vallavalitsus,93.0,2021-01-08,,,,Muu keeles nimi,549,,,"Harju maakond, Harku vald, Tabasalu alevik, Teenuste tn 2, 76901",Inglise keelne nimetus,Saksa keelne nimetus,Prantsuse keelne nimetus,AS-5339,72
14,2002-02-15,,info@asutus13.ee,77000424,560,Hiiumaa Vallavalitsus,Hiiumaa Vallavalitsus,208.0,1992-02-02,16.0,2018-04-23,,Muu keeles nimi,549,,,"Hiiu maakond, Hiiumaa vald, Kärdla linn, Keskväljak 5a, 92413",Inglise keelne nimetus,Saksa keelne nimetus,Prantsuse keelne nimetus,AS-7543,186
15,1999-09-04,,info@asutus14.ee,77000269,559,Häädemeeste Vallavalitsus,Häädemeeste Vallavalitsus,316.0,1983-02-07,,,,Muu keeles nimi,549,,,"Pärnu maakond, Häädemeeste vald, Uulu küla, Pargi tee 1, 86502",Inglise keelne nimetus,Saksa keelne nimetus,Prantsuse keelne nimetus,AS-1771,441
16,1989-11-01,1997-01-04,info@asutus15.ee,80189879,560,Ida-Virumaa Omavalitsuste Liit,Ida-Virumaa Omavalitsuste Liit,10.0,1988-11-18,,,,Muu keeles nimi,549,,,"Ida-Viru maakond, Jõhvi vald, Jõhvi linn, Keskväljak 4, 41593",Inglise keelne nimetus,Saksa keelne nimetus,Prantsuse keelne nimetus,AS-7252,306
17,2021-12-28,,info@asutus16.ee,16850137,559,Infohaldustarkvara Omavalitsustele OÜ,Infohaldustarkvara Omavalitsustele OÜ,335.0,2004-10-25,,,,Muu keeles nimi,549,,,"Järva maakond, Türi vald, Lauri küla, Keldrimäe, 79215",Inglise keelne nimetus,Saksa keelne nimetus,Prantsuse keelne nimetus,AS-2876,350
18,2003-12-09,,info@asutus17.ee,75025973,559,Jõelähtme Vallavalitsus,Jõelähtme Vallavalitsus,330.0,1995-04-05,164.0,2014-10-05,,Muu keeles nimi,549,,,"Harju maakond, Jõelähtme vald, Jõelähtme küla, Postijaama tee 7, 74202",Inglise keelne nimetus,Saksa keelne nimetus,Prantsuse keelne nimetus,AS-8433,2
19,2003-08-18,,info@asutus18.ee,77000401,559,Jõgeva Vallavalitsus,Jõgeva Vallavalitsus,230.0,1988-01-06,,,,Muu keeles nimi,549,,,"Jõgeva maakond, Jõgeva vald, Jõgeva linn, Suur tn 5, 48306",Inglise keelne nimetus,Saksa keelne nimetus,Prantsuse keelne nimetus,AS-5889,431
20,1997-11-04,2005-02-01,info@asutus19.ee,75033483,559,Jõhvi Vallavalitsus,Jõhvi Vallavalitsus,239.0,1992-02-05,,,,Muu keeles nimi,549,,,"Ida-Viru maakond, Jõhvi vald, Jõhvi linn, Kooli tn 2, 41595",Inglise keelne nimetus,Saksa keelne nimetus,Prantsuse keelne nimetus,AS-6310,251
21,1981-09-30,1998-01-11,info@asutus20.ee,77000335,559,Järva Vallavalitsus,Järva Vallavalitsus,302.0,1980-11-10,314.0,1991-08-31,,Muu keeles nimi,549,,,"Järva maakond, Järva vald, Järva-Jaani alev, Pikk tn 56, 73301",Inglise keelne nimetus,Saksa keelne nimetus,Prantsuse keelne nimetus,AS-2403,375
22,2023-08-07,,info@asutus21.ee,75007824,559,Kadrina Vallavalitsus,Kadrina Vallavalitsus,276.0,2014-02-12,,,,Muu keeles nimi,549,,,"Lääne-Viru maakond, Kadrina vald, Kadrina alevik, Rakvere tee 14, 45201",Inglise keelne nimetus,Saksa keelne nimetus,Prantsuse keelne nimetus,AS-3103,338
23,2022-08-22,,info@asutus22.ee,77000275,560,Kambja Vallavalitsus,Kambja Vallavalitsus,318.0,1987-05-29,292.0,2014-08-13,,Muu keeles nimi,549,,,"Tartu maakond, Kambja vald, Ülenurme alevik, Pargi tn 2, 61714",Inglise keelne nimetus,Saksa keelne nimetus,Prantsuse keelne nimetus,AS-4470,476
24,1998-01-17,,info@asutus23.ee,77000186,560,Kanepi Vallavalitsus,Kanepi Vallavalitsus,274.0,1988-12-12,,,,Muu keeles nimi,549,,,"Põlva maakond, Kanepi vald, Kanepi alevik, Turu põik 1, 63101",Inglise keelne nimetus,Saksa keelne nimetus,Prantsuse keelne nimetus,AS-8177,461
25,2020-07-03,2021-10-06,info@asutus24.ee,77000370,559,Kastre Vallavalitsus,Kastre Vallavalitsus,98.0,1982-11-15,201.0,2009-04-05,,Muu keeles nimi,549,,,"Tartu maakond, Kastre vald, Kurepalu küla, Vallamaja, 62113",Inglise keelne nimetus,Saksa keelne nimetus,Prantsuse keelne nimetus,AS-1117,37
26,1985-04-13,,info@asutus25.ee,77000252,559,Kehtna Vallavalitsus,Kehtna Vallavalitsus,79.0,1985-01-28,283.0,1999-11-24,,Muu keeles nimi,549,,,"Rapla maakond, Kehtna vald, Kehtna alevik, Pargi tn 2, 79001",Inglise keelne nimetus,Saksa keelne nimetus,Prantsuse keelne nimetus,AS-9423,122
27,2004-12-25,,info@asutus26.ee,80133761,560,Mittetulundusühing Keila Kooli Õpilasesindus,Mittetulundusühing Keila Kooli Õpilasesindus,280.0,1989-08-11,,,,Muu keeles nimi,549,,,"Harju maakond, Keila linn, Ehitajate tee 1, 76606",Inglise keelne nimetus,Saksa keelne nimetus,Prantsuse keelne nimetus,AS-4981,402
28,2022-06-07,,info@asutus27.ee,75014422,560,Keila Linnavalitsus,Keila Linnavalitsus,319.0,1988-07-16,209.0,2018-02-05,,Muu keeles nimi,549,,,"Harju maakond, Keila linn, Keskväljak 11, 76608",Inglise keelne nimetus,Saksa keelne nimetus,Prantsuse keelne nimetus,AS-6804,217
29,2016-11-17,,info@asutus28.ee,75003967,559,Kihnu Vallavalitsus,Kihnu Vallavalitsus,206.0,2012-09-14,286.0,2014-11-29,,Muu keeles nimi,549,,,"Pärnu maakond, Kihnu vald, Linaküla, Kooli/1, 88003",Inglise keelne nimetus,Saksa keelne nimetus,Prantsuse keelne nimetus,AS-7596,373
30,2010-06-10,,info@asutus29.ee,75020983,560,Kiili Vallavalitsus,Kiili Vallavalitsus,253.0,1984-11-25,130.0,1993-06-07,,Muu keeles nimi,549,,,"Harju maakond, Kiili vald, Kiili alev, Nabala tee 2a, 75401",Inglise keelne nimetus,Saksa keelne nimetus,Prantsuse keelne nimetus,AS-3296,217
31,1996-06-17,,info@asutus30.ee,75018851,559,Kohila Vallavalitsus,Kohila Vallavalitsus,14.0,1985-08-08,,,,Muu keeles nimi,549,,,"Rapla maakond, Kohila vald, Kohila alev, Vabaduse tn 1, 79804",Inglise keelne nimetus,Saksa keelne nimetus,Prantsuse keelne nimetus,AS-8260,414
32,1988-10-13,2013-01-11,info@asutus31.ee,75001017,559,Kohtla-Järve Linnavalitsus,Kohtla-Järve Linnavalitsus,196.0,1980-03-01,,,,Muu keeles nimi,549,,,"Ida-Viru maakond, Kohtla-Järve linn, Järve linnaosa, Keskallee 19, 30395",Inglise keelne nimetus,Saksa keelne nimetus,Prantsuse keelne nimetus,AS-3724,209
33,2023-07-27,,info@asutus32.ee,75011547,559,Kose Vallavalitsus,Kose Vallavalitsus,23.0,2018-10-14,37.0,2019-06-11,,Muu keeles nimi,549,,,"Harju maakond, Kose vald, Kose alevik, Hariduse tn 1, 75101",Inglise keelne nimetus,Saksa keelne nimetus,Prantsuse keelne nimetus,AS-7209,2
34,2015-01-10,,info@asutus33.ee,75014238,559,Kristiine Linnaosa Valitsus,Kristiine Linnaosa Valitsus,84.0,2000-05-29,113.0,2022-03-28,,Muu keeles nimi,549,,,"Harju maakond, Tallinn, Kristiine linnaosa, Metalli tn 5, 10615",Inglise keelne nimetus,Saksa keelne nimetus,Prantsuse keelne nimetus,AS-4111,152
35,1999-07-13,,info@asutus34.ee,77000602,559,Kullamaa Osavalla Valitsus,Kullamaa Osavalla Valitsus,307.0,1992-12-27,,,,Muu keeles nimi,549,,,"Lääne maakond, Lääne-Nigula vald, Kullamaa küla, Vallamaja, 90701",Inglise keelne nimetus,Saksa keelne nimetus,Prantsuse keelne nimetus,AS-6138,30
36,1984-07-01,,info@asutus35.ee,75033496,559,Kuusalu Vallavalitsus,Kuusalu Vallavalitsus,305.0,1982-10-26,,,,Muu keeles nimi,549,,,"Harju maakond, Kuusalu vald, Kiiu alevik, Mõisa tee 17, 74604",Inglise keelne nimetus,Saksa keelne nimetus,Prantsuse keelne nimetus,AS-1931,492
37,1987-03-10,,info@asutus36.ee,75016013,559,Lasnamäe Linnaosa Valitsus,Lasnamäe Linnaosa Valitsus,211.0,1980-10-07,,,,Muu keeles nimi,549,,,"Harju maakond, Tallinn, Lasnamäe linnaosa, Pallasti tn 54, 11413",Inglise keelne nimetus,Saksa keelne nimetus,Prantsuse keelne nimetus,AS-7615,62
38,2002-02-01,,info@asutus37.ee,75013457,560,Loksa Linnavalitsus,Loksa Linnavalitsus,313.0,1980-11-21,,,,Muu keeles nimi,549,,,"Harju maakond, Loksa linn, Tallinna tn 45, 74806",Inglise keelne nimetus,Saksa keelne nimetus,Prantsuse keelne nimetus,AS-9565,162
39,2003-05-24,,info@asutus38.ee,75003476,559,Luunja Vallavalitsus,Luunja Vallavalitsus,28.0,1994-02-03,278.0,2011-11-05,,Muu keeles nimi,549,,,"Tartu maakond, Luunja vald, Luunja alevik, Puiestee tn 14, 62222",Inglise keelne nimetus,Saksa keelne nimetus,Prantsuse keelne nimetus,AS-5915,235
40,2008-05-13,,info@asutus39.ee,77000200,559,Lääne-Harju Vallavalitsus,Lääne-Harju Vallavalitsus,91.0,1983-04-03,334.0,2011-02-12,,Muu keeles nimi,549,,,"Harju maakond, Lääne-Harju vald, Paldiski linn, Rae tn 38, 76806",Inglise keelne nimetus,Saksa keelne nimetus,Prantsuse keelne nimetus,AS-2200,276
41,1999-02-14,,info@asutus40.ee,80191267,559,Läänemaa Omavalitsuste Liit,Läänemaa Omavalitsuste Liit,63.0,1982-12-21,,,,Muu keeles nimi,549,,,"Lääne maakond, Haapsalu linn, Haapsalu linn, Lihula mnt 12, 90507",Inglise keelne nimetus,Saksa keelne nimetus,Prantsuse keelne nimetus,AS-5002,190
42,2005-07-26,2024-04-07,info@asutus41.ee,75038598,559,Lääne-Nigula Vallavalitsus,Lääne-Nigula Vallavalitsus,203.0,2004-05-14,,,,Muu keeles nimi,549,,,"Lääne maakond, Lääne-Nigula vald, Taebla alevik, Haapsalu mnt 6, 90801",Inglise keelne nimetus,Saksa keelne nimetus,Prantsuse keelne nimetus,AS-5905,478
43,1989-04-17,,info@asutus42.ee,77000298,559,Lääneranna Vallavalitsus,Lääneranna Vallavalitsus,62.0,1981-07-04,236.0,2021-06-01,,Muu keeles nimi,549,,,"Pärnu maakond, Lääneranna vald, Lihula linn, Jaama tn 1, 90302",Inglise keelne nimetus,Saksa keelne nimetus,Prantsuse keelne nimetus,AS-3546,140
44,2005-04-11,,info@asutus43.ee,80197361,560,Lääne-Viru Omavalitsuste Liit,Lääne-Viru Omavalitsuste Liit,211.0,1995-05-19,83.0,2023-10-30,,Muu keeles nimi,549,,,"Lääne-Viru maakond, Rakvere linn, F. R. Kreutzwaldi tn 5, 44314",Inglise keelne nimetus,Saksa keelne nimetus,Prantsuse keelne nimetus,AS-9280,251
45,2002-07-12,,info@asutus44.ee,77000223,560,Lüganuse Vallavalitsus,Lüganuse Vallavalitsus,217.0,1982-04-12,253.0,2001-04-11,,Muu keeles nimi,549,,,"Ida-Viru maakond, Lüganuse vald, Kiviõli linn, Keskpuiestee 20, 43199",Inglise keelne nimetus,Saksa keelne nimetus,Prantsuse keelne nimetus,AS-1722,2
46,2009-12-03,,info@asutus45.ee,75011470,559,Maardu Linnavalitsus,Maardu Linnavalitsus,336.0,2008-07-30,,,,Muu keeles nimi,549,,,"Harju maakond, Maardu linn, Kallasmaa tn 1, 74111",Inglise keelne nimetus,Saksa keelne nimetus,Prantsuse keelne nimetus,AS-8239,283
47,2018-05-15,,info@asutus46.ee,16080432,559,Majavalitsus UÜ,Majavalitsus UÜ,182.0,1985-01-06,299.0,2024-08-17,,Muu keeles nimi,549,,,"Tartu maakond, Tartu linn, Tartu linn, Teelehe tn 8, 50411",Inglise keelne nimetus,Saksa keelne nimetus,Prantsuse keelne nimetus,AS-9938,19
48,2013-02-14,,info@asutus47.ee,77000619,560,Martna Osavalla Valitsus,Martna Osavalla Valitsus,168.0,1986-08-23,88.0,1988-07-08,,Muu keeles nimi,549,,,"Lääne maakond, Lääne-Nigula vald, Martna küla, Vallamaja, 90601",Inglise keelne nimetus,Saksa keelne nimetus,Prantsuse keelne nimetus,AS-6974,461
49,1983-07-31,,info@asutus48.ee,75018710,559,Muhu Vallavalitsus,Muhu Vallavalitsus,327.0,1981-03-06,,,,Muu keeles nimi,549,,,"Saare maakond, Muhu vald, Liiva küla, Keskuse, 94701",Inglise keelne nimetus,Saksa keelne nimetus,Prantsuse keelne nimetus,AS-6794,400
50,2016-06-16,,info@asutus49.ee,77000453,559,Mulgi Vallavalitsus,Mulgi Vallavalitsus,190.0,2013-08-14,136.0,2018-12-05,,Muu keeles nimi,549,,,"Viljandi maakond, Mulgi vald, Abja-Paluoja linn, Pärnu mnt 30, 69403",Inglise keelne nimetus,Saksa keelne nimetus,Prantsuse keelne nimetus,AS-3900,452
51,2016-12-27,2025-03-31,info@asutus50.ee,75014267,559,Mustamäe Linnaosa Valitsus,Mustamäe Linnaosa Valitsus,95.0,1994-11-25,,,,Muu keeles nimi,549,,,"Harju maakond, Tallinn, Mustamäe linnaosa, E. Vilde tee 118, 12614",Inglise keelne nimetus,Saksa keelne nimetus,Prantsuse keelne nimetus,AS-5371,82
52,1989-09-12,,info@asutus51.ee,77000364,559,Mustvee Vallavalitsus,Mustvee Vallavalitsus,12.0,1980-06-07,,,,Muu keeles nimi,549,,,"Jõgeva maakond, Mustvee vald, Mustvee linn, Tartu tn 28, 49603",Inglise keelne nimetus,Saksa keelne nimetus,Prantsuse keelne nimetus,AS-4269,419
53,2021-04-18,,info@asutus52.ee,77000447,559,Märjamaa Vallavalitsus,Märjamaa Vallavalitsus,28.0,2016-10-21,,,,Muu keeles nimi,549,,,"Rapla maakond, Märjamaa vald, Märjamaa alev, Tehnika tn 11, 78304",Inglise keelne nimetus,Saksa keelne nimetus,Prantsuse keelne nimetus,AS-4652,13
54,1997-04-29,,info@asutus53.ee,77000499,560,Narva-Jõesuu Linnavalitsus,Narva-Jõesuu Linnavalitsus,168.0,1986-04-01,,,,Muu keeles nimi,549,,,"Ida-Viru maakond, Narva-Jõesuu linn, Narva-Jõesuu linn, J. Poska tn 26, 29023",Inglise keelne nimetus,Saksa keelne nimetus,Prantsuse keelne nimetus,AS-6753,329
55,2015-11-09,,info@asutus54.ee,75029820,559,Narva Linnavalitsuse Arhitektuuri- ja Linnaplaneerimise Amet,Narva Linnavalitsuse Arhitektuuri- ja Linnaplaneerimise Amet,322.0,2004-01-20,226.0,2004-09-02,,Muu keeles nimi,549,,,"Ida-Viru maakond, Narva linn, Peetri plats 5, 20308",Inglise keelne nimetus,Saksa keelne nimetus,Prantsuse keelne nimetus,AS-5279,92
56,2003-10-25,2017-03-12,info@asutus55.ee,75024260,559,Narva Linnavalitsuse Kultuuriosakond,Narva Linnavalitsuse Kultuuriosakond,52.0,1999-06-29,10.0,2013-07-24,,Muu keeles nimi,549,,,"Ida-Viru maakond, Narva linn, Peetri plats 1, 20308",Inglise keelne nimetus,Saksa keelne nimetus,Prantsuse keelne nimetus,AS-7311,461
57,1997-01-19,,info@asutus56.ee,75039729,559,Narva Linnavalitsuse Linnamajandusamet,Narva Linnavalitsuse Linnamajandusamet,217.0,1995-11-24,97.0,2019-03-21,,Muu keeles nimi,549,,,"Ida-Viru maakond, Narva linn, Peetri plats 3, 20308",Inglise keelne nimetus,Saksa keelne nimetus,Prantsuse keelne nimetus,AS-6967,221
58,1986-04-11,,info@asutus57.ee,75008427,559,Narva Linnavalitsuse Rahandusamet,Narva Linnavalitsuse Rahandusamet,307.0,1983-09-14,,,,Muu keeles nimi,549,,,"Ida-Viru maakond, Narva linn, Peetri plats 5, 20308",Inglise keelne nimetus,Saksa keelne nimetus,Prantsuse keelne nimetus,AS-5920,260
59,2007-09-30,,info@asutus58.ee,77000594,559,Noarootsi Osavalla Valitsus,Noarootsi Osavalla Valitsus,51.0,1994-08-19,339.0,2007-11-23,,Muu keeles nimi,549,,,"Lääne maakond, Lääne-Nigula vald, Pürksi küla / Birkas, Pürksi keskus 9, 91201",Inglise keelne nimetus,Saksa keelne nimetus,Prantsuse keelne nimetus,AS-4143,216
60,2014-01-05,,info@asutus59.ee,75014882,560,Nõmme Linnaosa Valitsus,Nõmme Linnaosa Valitsus,342.0,1987-10-22,,,,Muu keeles nimi,549,,,"Harju maakond, Tallinn, Nõmme linnaosa, Valdeku tn 13, 11621",Inglise keelne nimetus,Saksa keelne nimetus,Prantsuse keelne nimetus,AS-7653,281
61,1980-01-14,,info@asutus60.ee,75007942,560,Nõo vallavalitsus,Nõo vallavalitsus,20.0,1980-01-04,86.0,2008-12-01,,Muu keeles nimi,549,,,"Tartu maakond, Nõo vald, Nõo alevik, Voika tn 23, 61601",Inglise keelne nimetus,Saksa keelne nimetus,Prantsuse keelne nimetus,AS-8238,227
62,1999-03-04,,info@asutus61.ee,77000625,559,Nõva Osavalla Valitsus,Nõva Osavalla Valitsus,228.0,1997-10-20,,,,Muu keeles nimi,549,,,"Lääne maakond, Lääne-Nigula vald, Nõva küla, Kooli, 91101",Inglise keelne nimetus,Saksa keelne nimetus,Prantsuse keelne nimetus,AS-2389,146
63,2010-01-26,2015-05-04,info@asutus62.ee,77001636,559,Oru Osavalla Valitsus,Oru Osavalla Valitsus,292.0,1993-12-03,264.0,2002-11-08,,Muu keeles nimi,549,,,"Lääne maakond, Lääne-Nigula vald, Linnamäe küla, Hansuküla tee 2/1, 91001",Inglise keelne nimetus,Saksa keelne nimetus,Prantsuse keelne nimetus,AS-5011,244
64,1986-07-14,,info@asutus63.ee,75001566,560,Otepää Vallavalitsus,Otepää Vallavalitsus,96.0,1986-06-15,73.0,2017-09-09,,Muu keeles nimi,549,,,"Valga maakond, Otepää vald, Otepää linn, Lipuväljak 13, 67405",Inglise keelne nimetus,Saksa keelne nimetus,Prantsuse keelne nimetus,AS-9099,205
65,2001-11-20,2002-02-18,info@asutus64.ee,77000246,559,Paide Linnavalitsus,Paide Linnavalitsus,183.0,2000-01-08,,,,Muu keeles nimi,549,,,"Järva maakond, Paide linn, Paide linn, Keskväljak 14, 72711",Inglise keelne nimetus,Saksa keelne nimetus,Prantsuse keelne nimetus,AS-7965,113
66,1995-10-12,,info@asutus65.ee,77001665,559,Palivere Osavalla Valitsus,Palivere Osavalla Valitsus,37.0,1995-08-10,,,,Muu keeles nimi,549,,,"Lääne maakond, Lääne-Nigula vald, Palivere alevik, Raba tn 2, 90802",Inglise keelne nimetus,Saksa keelne nimetus,Prantsuse keelne nimetus,AS-5082,470
67,1990-11-20,,info@asutus66.ee,80635273,560,Mittetulundusühing Paunvere Laadavalitsus,Mittetulundusühing Paunvere Laadavalitsus,79.0,1988-12-26,122.0,2012-10-23,,Muu keeles nimi,549,,,"Jõgeva maakond, Jõgeva vald, Ronivere küla, Heki, 49217",Inglise keelne nimetus,Saksa keelne nimetus,Prantsuse keelne nimetus,AS-8251,314
68,2025-04-14,,info@asutus67.ee,77000192,560,Peipsiääre Vallavalitsus,Peipsiääre Vallavalitsus,106.0,2020-01-02,,,,Muu keeles nimi,549,,,"Tartu maakond, Peipsiääre vald, Alatskivi alevik, Tartu mnt 4, 60201",Inglise keelne nimetus,Saksa keelne nimetus,Prantsuse keelne nimetus,AS-8373,133
69,2002-03-07,,info@asutus68.ee,75014250,560,Pirita Linnaosa Valitsus,Pirita Linnaosa Valitsus,332.0,1986-03-21,,,,Muu keeles nimi,549,,,"Harju maakond, Tallinn, Pirita linnaosa, Kloostri tee 6, 11911",Inglise keelne nimetus,Saksa keelne nimetus,Prantsuse keelne nimetus,AS-4919,141
70,2019-06-18,2022-08-31,info@asutus69.ee,77000234,559,Põhja-Pärnumaa Vallavalitsus,Põhja-Pärnumaa Vallavalitsus,71.0,1990-07-08,82.0,2004-11-09,,Muu keeles nimi,549,,,"Pärnu maakond, Põhja-Pärnumaa vald, Vändra alev, Pärnu-Paide mnt 2, 87701",Inglise keelne nimetus,Saksa keelne nimetus,Prantsuse keelne nimetus,AS-3267,78
71,2000-09-29,,info@asutus70.ee,77000463,559,Põhja-Sakala Vallavalitsus,Põhja-Sakala Vallavalitsus,241.0,1983-06-05,,,,Muu keeles nimi,549,,,"Viljandi maakond, Põhja-Sakala vald, Suure-Jaani linn, Lembitu pst 42, 71502",Inglise keelne nimetus,Saksa keelne nimetus,Prantsuse keelne nimetus,AS-7797,209
72,2009-09-07,,info@asutus71.ee,75017745,560,Põhja-Tallinna Valitsus,Põhja-Tallinna Valitsus,90.0,1998-08-26,18.0,2017-06-30,,Muu keeles nimi,549,,,"Harju maakond, Tallinn, Põhja-Tallinna linnaosa, Kari tn 13, 10311",Inglise keelne nimetus,Saksa keelne nimetus,Prantsuse keelne nimetus,AS-1320,439
73,2014-02-15,,info@asutus72.ee,77000358,560,Põltsamaa Vallavalitsus,Põltsamaa Vallavalitsus,82.0,1995-10-12,197.0,2013-04-09,,Muu keeles nimi,549,,,"Jõgeva maakond, Põltsamaa vald, Põltsamaa linn, Lossi tn 9, 48104",Inglise keelne nimetus,Saksa keelne nimetus,Prantsuse keelne nimetus,AS-9818,383
74,1999-10-14,,info@asutus73.ee,80190931,560,Põlvamaa Omavalitsuste Liit,Põlvamaa Omavalitsuste Liit,297.0,1986-02-13,296.0,1987-06-03,,Muu keeles nimi,549,,,"Põlva maakond, Põlva vald, Põlva linn, Kesk tn 20, 63308",Inglise keelne nimetus,Saksa keelne nimetus,Prantsuse keelne nimetus,AS-6507,343
75,2016-04-09,,info@asutus74.ee,75038581,559,Põlva Vallavalitsus,Põlva Vallavalitsus,19.0,2000-12-18,,,,Muu keeles nimi,549,,,"Põlva maakond, Põlva vald, Põlva linn, Kesk tn 15, 63308",Inglise keelne nimetus,Saksa keelne nimetus,Prantsuse keelne nimetus,AS-7455,304
76,1982-06-07,2001-08-28,info@asutus75.ee,75000064,560,Pärnu Linnavalitsus,Pärnu Linnavalitsus,134.0,1980-05-18,,,,Muu keeles nimi,549,,,"Pärnu maakond, Pärnu linn, Pärnu linn, Suur-Sepa tn 16, 80098",Inglise keelne nimetus,Saksa keelne nimetus,Prantsuse keelne nimetus,AS-7211,168
77,1998-12-27,,info@asutus76.ee,80193071,560,Pärnumaa Omavalitsuste Liit,Pärnumaa Omavalitsuste Liit,98.0,1987-07-27,,,,Muu keeles nimi,549,,,"Pärnu maakond, Pärnu linn, Pärnu linn, Ringi tn 35, 80012",Inglise keelne nimetus,Saksa keelne nimetus,Prantsuse keelne nimetus,AS-5558,386
78,2017-10-26,,info@asutus77.ee,75010708,559,Raasiku Vallavalitsus,Raasiku Vallavalitsus,182.0,1983-09-03,310.0,2017-04-09,,Muu keeles nimi,549,,,"Harju maakond, Raasiku vald, Aruküla alevik, Tallinna mnt 24, 75201",Inglise keelne nimetus,Saksa keelne nimetus,Prantsuse keelne nimetus,AS-6733,115
79,1986-02-26,,info@asutus78.ee,75026106,559,Rae Vallavalitsus,Rae Vallavalitsus,4.0,1980-06-13,,,,Muu keeles nimi,549,,,"Harju maakond, Rae vald, Jüri alevik, Aruküla tee 9, 75301",Inglise keelne nimetus,Saksa keelne nimetus,Prantsuse keelne nimetus,AS-4266,430
80,1981-10-29,,info@asutus79.ee,75025064,559,Rakvere Linnavalitsus,Rakvere Linnavalitsus,60.0,1980-09-01,77.0,2010-09-12,,Muu keeles nimi,549,,,"Lääne-Viru maakond, Rakvere linn, Lai tn 20",Inglise keelne nimetus,Saksa keelne nimetus,Prantsuse keelne nimetus,AS-4571,239
81,2002-12-27,,info@asutus80.ee,77000329,559,Rakvere Vallavalitsus,Rakvere Vallavalitsus,247.0,1987-07-12,,,,Muu keeles nimi,549,,,"Lääne-Viru maakond, Rakvere vald, Sõmeru alevik, Kooli tn 2, 44305",Inglise keelne nimetus,Saksa keelne nimetus,Prantsuse keelne nimetus,AS-3683,494
82,2007-11-27,2008-06-24,info@asutus81.ee,80196268,560,Raplamaa Omavalitsuste Liit,Raplamaa Omavalitsuste Liit,262.0,1993-12-29,,,,Muu keeles nimi,549,,,"Rapla maakond, Rapla vald, Rapla linn, Tallinna mnt 12, 79513",Inglise keelne nimetus,Saksa keelne nimetus,Prantsuse keelne nimetus,AS-7498,483
83,1997-10-16,2008-09-06,info@asutus82.ee,77000312,559,Rapla Vallavalitsus,Rapla Vallavalitsus,208.0,1982-04-14,,,,Muu keeles nimi,549,,,"Rapla maakond, Rapla vald, Rapla linn, Tallinna mnt 14, 79513",Inglise keelne nimetus,Saksa keelne nimetus,Prantsuse keelne nimetus,AS-1672,178
84,2018-06-07,,info@asutus83.ee,14558025,560,Raudteevalitsuse villa OÜ,Raudteevalitsuse villa OÜ,87.0,1983-02-03,,,,Muu keeles nimi,549,,,"Harju maakond, Tallinn, Nõmme linnaosa, Remmelga tn 6/2, 11216",Inglise keelne nimetus,Saksa keelne nimetus,Prantsuse keelne nimetus,AS-1207,435
85,2017-09-07,,info@asutus84.ee,80071818,560,Riigi- ja Omavalitsusasutuste Teenistujate Ametiühing,Riigi- ja Omavalitsusasutuste Teenistujate Ametiühing,218.0,1984-09-25,199.0,2000-12-24,,Muu keeles nimi,549,,,"Harju maakond, Tallinn, Kesklinna linnaosa, Parda tn 3 // 5 // 7, 10151",Inglise keelne nimetus,Saksa keelne nimetus,Prantsuse keelne nimetus,AS-3506,223
86,1995-10-20,,info@asutus85.ee,77001642,560,Risti Osavalla Valitsus,Risti Osavalla Valitsus,298.0,1994-08-03,259.0,2018-09-23,,Muu keeles nimi,549,,,"Lääne maakond, Lääne-Nigula vald, Risti alevik, Tallinna mnt 4, 90901",Inglise keelne nimetus,Saksa keelne nimetus,Prantsuse keelne nimetus,AS-8616,224
87,2004-01-29,,info@asutus86.ee,75023177,559,Ruhnu Vallavalitsus,Ruhnu Vallavalitsus,233.0,1991-01-05,,,,Muu keeles nimi,549,,,"Saare maakond, Ruhnu vald, Ruhnu küla, Vallamaja, 93001",Inglise keelne nimetus,Saksa keelne nimetus,Prantsuse keelne nimetus,AS-5569,452
88,2020-06-10,,info@asutus87.ee,77000217,560,Rõuge Vallavalitsus,Rõuge Vallavalitsus,93.0,2000-11-04,,,,Muu keeles nimi,549,,,"Võru maakond, Rõuge vald, Rõuge alevik, Ööbikuoru tn 4, 66201",Inglise keelne nimetus,Saksa keelne nimetus,Prantsuse keelne nimetus,AS-6511,15
89,2024-05-06,,info@asutus88.ee,75025503,560,Räpina Vallavalitsus,Räpina Vallavalitsus,62.0,1988-02-27,247.0,2004-01-27,,Muu keeles nimi,549,,,"Põlva maakond, Räpina vald, Räpina linn, Kooli tn 1, 64504",Inglise keelne nimetus,Saksa keelne nimetus,Prantsuse keelne nimetus,AS-6576,144
90,2004-10-13,,info@asutus89.ee,75033454,559,Saarde Vallavalitsus,Saarde Vallavalitsus,207.0,2003-03-05,,,,Muu keeles nimi,549,,,"Pärnu maakond, Saarde vald, Kilingi-Nõmme linn, Nõmme tn 22, 86304",Inglise keelne nimetus,Saksa keelne nimetus,Prantsuse keelne nimetus,AS-4954,369
91,2016-06-17,,info@asutus90.ee,77000306,560,Saaremaa Vallavalitsus,Saaremaa Vallavalitsus,204.0,2014-01-03,192.0,2024-09-07,,Muu keeles nimi,549,,,"Saare maakond, Saaremaa vald, Kuressaare linn, Tallinna tn 10, 93819",Inglise keelne nimetus,Saksa keelne nimetus,Prantsuse keelne nimetus,AS-8342,406
92,1981-07-19,1991-06-27,info@asutus91.ee,75019738,560,Saku Vallavalitsus,Saku Vallavalitsus,77.0,1981-02-18,,,,Muu keeles nimi,549,,,"Harju maakond, Saku vald, Saku alevik, Juubelitammede tee 15, 75501",Inglise keelne nimetus,Saksa keelne nimetus,Prantsuse keelne nimetus,AS-8753,284
93,2010-11-03,,info@asutus92.ee,77000430,560,Saue Vallavalitsus,Saue Vallavalitsus,33.0,2004-09-08,37.0,2020-06-13,,Muu keeles nimi,549,,,"Harju maakond, Saue vald, Saue linn, Kütise tn 8, 76505",Inglise keelne nimetus,Saksa keelne nimetus,Prantsuse keelne nimetus,AS-5438,157
94,2002-07-21,,info@asutus93.ee,75025041,559,Setomaa Vallavalitsus,Setomaa Vallavalitsus,189.0,1988-08-21,110.0,2021-12-17,,Muu keeles nimi,549,,,"Võru maakond, Setomaa vald, Värska alevik, Pikk tn 12, 64001",Inglise keelne nimetus,Saksa keelne nimetus,Prantsuse keelne nimetus,AS-4138,111
95,2023-06-10,,info@asutus94.ee,75003909,560,Sillamäe Linnavalitsus,Sillamäe Linnavalitsus,85.0,2006-06-12,,,,Muu keeles nimi,549,,,"Ida-Viru maakond, Sillamäe linn, Kesk tn 27, 40231",Inglise keelne nimetus,Saksa keelne nimetus,Prantsuse keelne nimetus,AS-2647,427
96,1997-05-31,,info@asutus95.ee,77001659,559,Taebla Osavalla Valitsus,Taebla Osavalla Valitsus,162.0,1988-02-04,265.0,1988-09-22,,Muu keeles nimi,549,,,"Lääne maakond, Lääne-Nigula vald, Taebla alevik, Haapsalu mnt 6, 90801",Inglise keelne nimetus,Saksa keelne nimetus,Prantsuse keelne nimetus,AS-5494,24
97,1984-11-21,,info@asutus96.ee,75014221,560,Tallinna Kesklinna Valitsus,Tallinna Kesklinna Valitsus,108.0,1983-11-29,,,,Muu keeles nimi,549,,,"Harju maakond, Tallinn, Kesklinna linnaosa, Nunne tn 18, 15058",Inglise keelne nimetus,Saksa keelne nimetus,Prantsuse keelne nimetus,AS-2680,447
98,1981-02-05,,info@asutus97.ee,75033477,559,Tapa Vallavalitsus,Tapa Vallavalitsus,110.0,1980-08-28,113.0,1995-12-10,,Muu keeles nimi,549,,,"Lääne-Viru maakond, Tapa vald, Tapa linn, Pikk tn 15, 45106",Inglise keelne nimetus,Saksa keelne nimetus,Prantsuse keelne nimetus,AS-1841,130
99,2022-11-10,2023-01-15,info@asutus98.ee,75006546,559,Tartu Linnavalitsus,Tartu Linnavalitsus,202.0,1997-12-22,287.0,2023-11-09,,Muu keeles nimi,549,,,"Tartu maakond, Tartu linn, Tartu linn, Raekoja plats 1a, 50089",Inglise keelne nimetus,Saksa keelne nimetus,Prantsuse keelne nimetus,AS-3485,77
100,2007-04-05,2012-10-28,info@asutus99.ee,80190322,559,Tartumaa Omavalitsuste Liit,Tartumaa Omavalitsuste Liit,250.0,1985-04-24,,,,Muu keeles nimi,549,,,"Tartu maakond, Tartu linn, Tartu linn, Pepleri tn 6, 51003",Inglise keelne nimetus,Saksa keelne nimetus,Prantsuse keelne nimetus,AS-9561,195
101,2020-06-01,,info@asutus100.ee,75006486,560,Tartu Vallavalitsus,Tartu Vallavalitsus,133.0,1993-05-03,,,,Muu keeles nimi,549,,,"Tartu maakond, Tartu vald, Kõrveküla alevik, Haava tn 6, 60512",Inglise keelne nimetus,Saksa keelne nimetus,Prantsuse keelne nimetus,AS-6003,292
102,1985-05-27,,info@asutus101.ee,75001477,559,Toila Vallavalitsus,Toila Vallavalitsus,10.0,1984-02-24,316.0,2018-05-12,,Muu keeles nimi,549,,,"Ida-Viru maakond, Toila vald, Toila alevik, Pikk tn 13a, 41702",Inglise keelne nimetus,Saksa keelne nimetus,Prantsuse keelne nimetus,AS-4457,136
103,1987-04-14,1995-01-29,info@asutus102.ee,77000341,560,Tori Vallavalitsus,Tori Vallavalitsus,317.0,1986-03-10,216.0,1986-04-22,,Muu keeles nimi,549,,,"Pärnu maakond, Tori vald, Sindi linn, Pärnu mnt 12, 86705",Inglise keelne nimetus,Saksa keelne nimetus,Prantsuse keelne nimetus,AS-5771,17
104,2000-10-07,,info@asutus103.ee,77000418,560,Tõrva Vallavalitsus,Tõrva Vallavalitsus,274.0,1986-05-05,,,,Muu keeles nimi,549,,,"Valga maakond, Tõrva vald, Tõrva linn, Kevade tn 1, 68605",Inglise keelne nimetus,Saksa keelne nimetus,Prantsuse keelne nimetus,AS-2166,352
105,2000-12-09,,info@asutus104.ee,75033460,559,Türi Vallavalitsus,Türi Vallavalitsus,212.0,1997-09-01,,,,Muu keeles nimi,549,,,"Järva maakond, Türi vald, Türi linn, Hariduse tn 3, 72213",Inglise keelne nimetus,Saksa keelne nimetus,Prantsuse keelne nimetus,AS-7965,59
106,2000-03-02,,info@asutus105.ee,80194188,559,Valgamaa Omavalitsuste Liit,Valgamaa Omavalitsuste Liit,20.0,1985-12-16,,,,Muu keeles nimi,549,,,"Valga maakond, Valga vald, Valga linn, Kesk tn 12, 68203",Inglise keelne nimetus,Saksa keelne nimetus,Prantsuse keelne nimetus,AS-1977,85
107,2007-08-06,,info@asutus106.ee,77000507,560,Valga Vallavalitsus,Valga Vallavalitsus,296.0,2005-07-13,,,,Muu keeles nimi,549,,,"Valga maakond, Valga vald, Valga linn, Puiestee tn 8, 68203",Inglise keelne nimetus,Saksa keelne nimetus,Prantsuse keelne nimetus,AS-3037,240
108,2007-04-13,,info@asutus107.ee,80283130,560,MTÜ Valitsuse Varjend,MTÜ Valitsuse Varjend,298.0,1992-03-18,,,,Muu keeles nimi,549,,,"Harju maakond, Kose vald, Kose alevik, Hariduse tn 2, 75101",Inglise keelne nimetus,Saksa keelne nimetus,Prantsuse keelne nimetus,AS-8172,42
109,1983-07-30,,info@asutus108.ee,75021250,559,Viimsi Vallavalitsus,Viimsi Vallavalitsus,58.0,1981-10-22,,,,Muu keeles nimi,549,,,"Harju maakond, Viimsi vald, Viimsi alevik, Nelgi tee 1, 74001",Inglise keelne nimetus,Saksa keelne nimetus,Prantsuse keelne nimetus,AS-2496,118
110,1981-11-10,,info@asutus109.ee,75005222,559,Viljandi Linnavalitsus,Viljandi Linnavalitsus,93.0,1980-10-02,,,,Muu keeles nimi,549,,,"Viljandi maakond, Viljandi linn, Linnu tn 2, 71020",Inglise keelne nimetus,Saksa keelne nimetus,Prantsuse keelne nimetus,AS-8708,266
111,2019-09-03,,info@asutus110.ee,80179941,560,Viljandimaa Omavalitsuste Liit,Viljandimaa Omavalitsuste Liit,189.0,1988-02-21,,,,Muu keeles nimi,549,,,"Viljandi maakond, Viljandi linn, Vabaduse plats 4, 71020",Inglise keelne nimetus,Saksa keelne nimetus,Prantsuse keelne nimetus,AS-9056,497
112,1988-03-08,,info@asutus111.ee,75038606,559,Viljandi Vallavalitsus,Viljandi Vallavalitsus,41.0,1984-07-30,132.0,2014-08-21,,Muu keeles nimi,549,,,"Viljandi maakond, Viljandi vald, Viiratsi alevik, Sakala tn 1, 70101",Inglise keelne nimetus,Saksa keelne nimetus,Prantsuse keelne nimetus,AS-3634,169
113,2016-12-05,,info@asutus112.ee,75008746,560,Vinni Vallavalitsus,Vinni Vallavalitsus,318.0,1992-12-05,,,,Muu keeles nimi,549,,,"Lääne-Viru maakond, Vinni vald, Pajusti alevik, Tartu mnt 2, 46603",Inglise keelne nimetus,Saksa keelne nimetus,Prantsuse keelne nimetus,AS-1601,233
114,1987-11-25,,info@asutus113.ee,10913300,560,Virtuaalvalitsus TÜ,Virtuaalvalitsus TÜ,100.0,1983-08-17,137.0,2018-04-12,,Muu keeles nimi,549,,,"Tartu maakond, Tartu linn, Tartu linn, Veeriku tn 9-3, 50407",Inglise keelne nimetus,Saksa keelne nimetus,Prantsuse keelne nimetus,AS-9431,423
115,1980-02-07,,info@asutus114.ee,75020500,559,Viru-Nigula vallavalitsus,Viru-Nigula vallavalitsus,318.0,1980-02-04,134.0,1984-12-15,,Muu keeles nimi,549,,,"Lääne-Viru maakond, Viru-Nigula vald, Kunda linn, Kasemäe tn 19, 44107",Inglise keelne nimetus,Saksa keelne nimetus,Prantsuse keelne nimetus,AS-9494,186
116,2024-09-20,,info@asutus115.ee,75022427,559,Vormsi Vallavalitsus,Vormsi Vallavalitsus,66.0,2014-02-02,281.0,2020-01-29,,Muu keeles nimi,549,,,"Lääne maakond, Vormsi vald, Hullo küla, Külamaja, 91301",Inglise keelne nimetus,Saksa keelne nimetus,Prantsuse keelne nimetus,AS-5719,225
117,2023-06-27,2025-04-02,info@asutus116.ee,75019980,560,Võru Linnavalitsus,Võru Linnavalitsus,223.0,2007-04-24,,,,Muu keeles nimi,549,,,"Võru maakond, Võru linn, Jüri tn 11, 65608",Inglise keelne nimetus,Saksa keelne nimetus,Prantsuse keelne nimetus,AS-1224,283
118,2016-08-08,2017-11-15,info@asutus117.ee,80194583,559,Võrumaa Omavalitsuste Liit,Võrumaa Omavalitsuste Liit,50.0,2000-09-12,,,,Muu keeles nimi,549,,,"Võru maakond, Võru linn, Jüri tn 19a, 65608",Inglise keelne nimetus,Saksa keelne nimetus,Prantsuse keelne nimetus,AS-9165,478
119,2006-03-08,,info@asutus118.ee,77000393,560,Võru Vallavalitsus,Võru Vallavalitsus,218.0,1992-04-06,262.0,2013-11-27,,Muu keeles nimi,549,,,"Võru maakond, Võru linn, Võrumõisa tee 4a, 65605",Inglise keelne nimetus,Saksa keelne nimetus,Prantsuse keelne nimetus,AS-4993,234
120,1992-12-22,,info@asutus119.ee,75011694,559,Väike-Maarja Vallavalitsus,Väike-Maarja Vallavalitsus,127.0,1991-05-26,,,,Muu keeles nimi,549,,,"Lääne-Viru maakond, Väike-Maarja vald, Väike-Maarja alevik, Pikk tn 7, 46202",Inglise keelne nimetus,Saksa keelne nimetus,Prantsuse keelne nimetus,AS-2143,142
121,2017-03-23,,info@asutus120.ee,11118868,559,Wide Media OÜ,Wide Media OÜ,12.0,2015-05-02,,,,Muu keeles nimi,549,,,"Harju maakond, Tallinn, Kesklinna linnaosa, Tartu mnt 80, 10112",Inglise keelne nimetus,Saksa keelne nimetus,Prantsuse keelne nimetus,AS-5634,372
