KdID,KdIDVanem,KdKodifikaatoriKood,KdElemendiKood,KdLyhikeNimi,KdPikkNimi,KdMuukeelneNimi,KdKodifikaator,KdKehtibAlatesKpv,KdKehtibKuniKpv,KdHaldaja,KdJrkNumber,KdLisaKood,KdSelgitus,Selgitus,IAsIDLooja,LoodiKpv,IAsIDMuutja,MuudetiKpv,KustutatiKpv
1,0,,0,Alusharidus,Alusharidus (koolieelne haridus) vıi alghariduseta,"Less than primary education, pre-primary education",TRUE,2011.12.12,,,1,,Selgitus kodanikule,Sisemine selgitus,,,,,
2,1,1,02,Alusharidus,Alusharidus (koolieelne haridus) vıi alghariduseta,"Less than primary education, pre-primary education",FALSE,2011.12.12,,,2,,Selgitus kodanikule,Sisemine selgitus,,,,,
4,0,,1,Pıhiharidus,Pıhiharidus (pıhikooli 1.-6. klass),Basic education (grades 1-6 of basic school),TRUE,2011.12.12,,,1,,Selgitus kodanikule,Sisemine selgitus,,,,,
5,4,1,10,Pıhiharidus,Pıhiharidus (pıhikooli 1.-6. klass),Basic education (grades 1-6 of basic school),FALSE,2011.12.12,,,2,,Selgitus kodanikule,Sisemine selgitus,,,,,
7,0,,2,Pıhiharidus,Pıhiharidus (pıhikooli 7.-9. klass),Basic education (grades 7-9 of basic school),TRUE,2011.12.12,,,1,,Selgitus kodanikule,Sisemine selgitus,,,,,
8,7,1,24,Pıhiharidus,Pıhiharidus (pıhikooli 7.-9. klass),Basic education (grades 7-9 of basic school),FALSE,2011.12.12,,,2,,Selgitus kodanikule,Sisemine selgitus,,,,,
10,7,1,25,Kutseıpe pıhihariduse baasil,"Pıhihariduse nıudeta kutseharidus, kutseıpe pıhihariduse baasil","Vocational education  without the basic education requirement, vocational courses based on basic education",FALSE,2011.12.12,,,2,,Selgitus kodanikule,Sisemine selgitus,,,,,
11,7,1,253,Pıhihariduse nıudeta kutseharidus,Pıhihariduse nıudeta kutseharidus,Vocational education for persons who do not have basic education and who have exceeded the age of compulsory school attendance,FALSE,2011.12.12,,,3,,Selgitus kodanikule,Sisemine selgitus,,,,,
12,7,1,254,Kutseıpe pıhihariduse baasil,Kutseıpe pıhihariduse baasil,Vocational courses based on basic education,FALSE,2011.12.12,,,3,,Selgitus kodanikule,Sisemine selgitus,,,,,
13,0,,3,Keskharidus,Keskharidus,Upper secondary education,TRUE,2011.12.12,,,1,,Selgitus kodanikule,Sisemine selgitus,,,,,
14,13,1,34,‹ldkeskharidus,‹ldkeskharidus (g¸mnaasiumi 10.-12. klass),General secondary education,FALSE,2011.12.12,,,2,,Selgitus kodanikule,Sisemine selgitus,,,,,
15,13,1,344,‹ldkeskharidus,‹ldkeskharidus (g¸mnaasiumi 10.-12. klass),General secondary education,FALSE,2011.12.12,,,3,,Selgitus kodanikule,Sisemine selgitus,,,,,
16,13,1,35,Kutsekeskharidus pıhihariduse baasil,Kutsekeskharidus (sh keskeri- vıi tehnikumiharidus) pıhihariduse baasil,"Vocational secondary education (incl. secondary special or technical education), based on basic education",FALSE,2011.12.12,,,2,,Selgitus kodanikule,Sisemine selgitus,,,,,
17,13,1,354,Kutsekeskharidus pıhihariduse baasil,Kutsekeskharidus pıhihariduse baasil,Vocational secondary education based on basic education,FALSE,2011.12.12,,,3,,Selgitus kodanikule,Sisemine selgitus,,,,,
18,0,,4,Kutsekeskharidus vıi kutseıpe keskhariduse baasil,Kutsekeskharidus vıi kutseıpe keskhariduse baasil,Vocational secondary education or vocational courses based on secondary education,TRUE,2011.12.12,,,1,,Selgitus kodanikule,Sisemine selgitus,,,,,
19,18,1,45,Kutsekeskharidus vıi kutseıpe keskhariduse baasil,Kutsekeskharidus vıi kutseıpe keskhariduse baasil,Vocational secondary education or vocational courses based on secondary education,FALSE,2011.12.12,,,2,,Selgitus kodanikule,Sisemine selgitus,,,,,
20,18,1,454,Kutsekeskharidus vıi kutseıpe keskhariduse baasil,Kutsekeskharidus vıi kutseıpe keskhariduse baasil,Vocational secondary education or vocational courses based on secondary education,FALSE,2011.12.12,,,3,,Selgitus kodanikule,Sisemine selgitus,,,,,
21,0,,5,Keskeri- ja tehnikumiharidus keskhariduse baasil,Keskeri- ja tehnikumiharidus keskhariduse baasil,Vocational secondary education and a technical education based on secondary education,TRUE,2011.12.12,,,1,,Selgitus kodanikule,Sisemine selgitus,,,,,
22,21,1,55,Keskeri- ja tehnikumiharidus keskhariduse baasil,Keskeri- ja tehnikumiharidus keskhariduse baasil,Vocational secondary education and a technical education based on secondary education,FALSE,2011.12.12,,,2,,Selgitus kodanikule,Sisemine selgitus,,,,,
23,21,1,550,Keskeri- ja tehnikumiharidus keskhariduse baasil,Keskeri- ja tehnikumiharidus keskhariduse baasil,Vocational secondary education and a technical education based on secondary education,FALSE,2011.12.12,,,3,,Selgitus kodanikule,Sisemine selgitus,,,,,
24,0,,6,Bakalaureus vıi sellega vırdsustatud haridus,"Bakalaureus vıi sellega vırdsustatud haridus (rakendus- ja kutsekırgharidus, diplomiıpe)","Bachelor's or equivalent level education (professional higher education and vocational higher education, diploma courses) ",TRUE,2011.12.12,,,1,,Selgitus kodanikule,Sisemine selgitus,,,,,
25,24,1,66,Bakalaureus vıi sellega vırdsustatud haridus,"Bakalaureus vıi sellega vırdsustatud haridus (rakendus- ja kutsekırgharidus, diplomiıpe)","Bachelor's or equivalent level education (professional higher education and vocational higher education, diploma courses) ",FALSE,2011.12.12,,,2,,Selgitus kodanikule,Sisemine selgitus,,,,,
26,24,1,660,Bakalaureus vıi sellega vırdsustatud haridus,"Bakalaureus vıi sellega vırdsustatud haridus (rakendus- ja kutsekırgharidus, diplomiıpe)","Bachelor's or equivalent level education (professional higher education and vocational higher education, diploma courses) ",FALSE,2011.12.12,,,3,,Selgitus kodanikule,Sisemine selgitus,,,,,
27,0,,7,Magister vıi sellega vırdsustatud haridus,Magister vıi sellega vırdsustatud haridus,Master's or equivalent level education,TRUE,2011.12.12,,,1,,Selgitus kodanikule,Sisemine selgitus,,,,,
28,27,1,76,Magister vıi sellega vırdsustatud haridus,Magister vıi sellega vırdsustatud haridus,Master's or equivalent level education,FALSE,2011.12.12,,,2,,Selgitus kodanikule,Sisemine selgitus,,,,,
29,27,1,760,Magister vıi sellega vırdsustatud haridus,Magister vıi sellega vırdsustatud haridus,Master's or equivalent level education,FALSE,2011.12.12,,,3,,Selgitus kodanikule,Sisemine selgitus,,,,,
30,0,,8,Doktor vıi sellega vırdsustatud haridus,Doktor vıi sellega vırdsustatud haridus,Doctoral or equivalent level education,TRUE,2011.12.12,,,1,,Selgitus kodanikule,Sisemine selgitus,,,,,
31,30,1,86,Doktor vıi sellega vırdsustatud haridus,Doktor vıi sellega vırdsustatud haridus,Doctoral or equivalent level education,FALSE,2011.12.12,,,2,,Selgitus kodanikule,Sisemine selgitus,,,,,
32,30,1,860,Doktor vıi sellega vırdsustatud haridus,Doktor vıi sellega vırdsustatud haridus,Doctoral or equivalent level education,FALSE,2011.12.12,,,3,,Selgitus kodanikule,Sisemine selgitus,,,,,
33,0,,9,Mujal liigitamata,Mujal liigitamata,Not elsewhere classified,TRUE,2011.12.12,,,1,,Selgitus kodanikule,Sisemine selgitus,,,,,
34,33,1,99,Mujal liigitamata,Mujal liigitamata,Not elsewhere classified,FALSE,2011.12.12,,,2,,Selgitus kodanikule,Sisemine selgitus,,,,,
35,33,1,999,Mujal liigitamata,Mujal liigitamata,Not elsewhere classified,FALSE,2011.12.12,,,3,,Selgitus kodanikule,Sisemine selgitus,,,,,
36,0,,ABC,Rahvused,Rahvused,Nationalities,TRUE,2013.01.01,,,,,,,,,,,
37,36,2,AAM,Afroameeriklane,Afroameeriklane,Afroamerican,FALSE,2013.01.01,,,1,,Selgitus kodanikule,Sisemine selgitus,,,,,
38,36,2,ABA,Abasiin,Abasiin,Abaza,FALSE,2013.01.01,,,2,,Selgitus kodanikule,Sisemine selgitus,,,,,
39,36,2,ABK,Abhaas,Abhaas,Abkhazian,FALSE,2013.01.01,,,2,,Selgitus kodanikule,Sisemine selgitus,,,,,
40,36,2,ADY,Adıgee,Adıgee,Adyghian,FALSE,2013.01.01,,,2,,Selgitus kodanikule,Sisemine selgitus,,,,,
41,36,2,AFR,Afrikander,Afrikander,Afrikaner,FALSE,2013.01.01,,,2,,Selgitus kodanikule,Sisemine selgitus,,,,,
42,36,2,AGU,Agul,Agul,Aghul,FALSE,2013.01.01,,,2,,Selgitus kodanikule,Sisemine selgitus,,,,,
43,36,2,AIN,Ainu,Ainu,Ainu,FALSE,2013.01.01,,,2,,Selgitus kodanikule,Sisemine selgitus,,,,,
44,36,2,AKA,Akan,Akan,Akan,FALSE,2013.01.01,,,2,,Selgitus kodanikule,Sisemine selgitus,,,,,
45,36,2,ALB,Albaanlane,Albaanlane,Albanian,FALSE,2013.01.01,,,2,,Selgitus kodanikule,Sisemine selgitus,,,,,
46,36,2,ALT,Altailane,Altailane,Altai,FALSE,2013.01.01,,,2,,Selgitus kodanikule,Sisemine selgitus,,,,,
47,36,2,AMH,Amhara,Amhara,Amhara,FALSE,2013.01.01,,,2,,Selgitus kodanikule,Sisemine selgitus,,,,,
48,36,2,AND,Andorralane,Andorralane,Andorran,FALSE,2013.01.01,,,2,,Selgitus kodanikule,Sisemine selgitus,,,,,
49,36,2,ARA,Araablane,Araablane,Arab,FALSE,2013.01.01,,,2,,Selgitus kodanikule,Sisemine selgitus,,,,,
50,36,2,ARG,Argentiinlane,Argentiinlane,Argentinian,FALSE,2013.01.01,,,2,,Selgitus kodanikule,Sisemine selgitus,,,,,
51,36,2,ARM,Armeenlane,Armeenlane,Armenian,FALSE,2013.01.01,,,2,,Selgitus kodanikule,Sisemine selgitus,,,,,
52,36,2,AUE,Austraallane (ingliskeelne),Austraallane (ingliskeelne),Angloaustralian,FALSE,2013.01.01,,,2,,Selgitus kodanikule,Sisemine selgitus,,,,,
53,36,2,AUT,Austerlane,Austerlane,Austrian,FALSE,2013.01.01,,,2,,Selgitus kodanikule,Sisemine selgitus,,,,,
54,36,2,AVA,Avaar,Avaar,Avar,FALSE,2013.01.01,,,2,,Selgitus kodanikule,Sisemine selgitus,,,,,
55,36,2,AYM,Aimara,Aimara,Aymara,FALSE,2013.01.01,,,2,,Selgitus kodanikule,Sisemine selgitus,,,,,
56,36,2,AZE,Aserbaidûaan,Aserbaidûaan,Azerbaijani,FALSE,2013.01.01,,,2,,Selgitus kodanikule,Sisemine selgitus,,,,,
57,36,2,BAK,Baökiir,Baökiir,Bashkir,FALSE,2013.01.01,,,2,,Selgitus kodanikule,Sisemine selgitus,,,,,
58,36,2,BAL,Balkaar,Balkaar,Balkar,FALSE,2013.01.01,,,2,,Selgitus kodanikule,Sisemine selgitus,,,,,
59,36,2,BAQ,Bask,Bask,Basque,FALSE,2013.01.01,,,2,,Selgitus kodanikule,Sisemine selgitus,,,,,
60,36,2,BEL,Valgevenelane,Valgevenelane,Belarusian,FALSE,2013.01.01,,,2,,Selgitus kodanikule,Sisemine selgitus,,,,,
61,36,2,BEN,Bengal,Bengal,Bengali,FALSE,2013.01.01,,,2,,Selgitus kodanikule,Sisemine selgitus,,,,,
62,36,2,BER,Berber,Berber,Berber,FALSE,2013.01.01,,,2,,Selgitus kodanikule,Sisemine selgitus,,,,,
63,36,2,BOL,Boliivlane,Boliivlane,Bolivian,FALSE,2013.01.01,,,2,,Selgitus kodanikule,Sisemine selgitus,,,,,
64,36,2,BOS,Bosnialane,Bosnialane,Bosnian,FALSE,2013.01.01,,,2,,Selgitus kodanikule,Sisemine selgitus,,,,,
65,36,2,BRA,Brasiillane,Brasiillane,Brazilian,FALSE,2013.01.01,,,2,,Selgitus kodanikule,Sisemine selgitus,,,,,
66,36,2,BRB,Barbadoslane,Barbadoslane,Barbadian,FALSE,2013.01.01,,,2,,Selgitus kodanikule,Sisemine selgitus,,,,,
67,36,2,BRE,Bretoon,Bretoon,Breton,FALSE,2013.01.01,,,2,,Selgitus kodanikule,Sisemine selgitus,,,,,
68,36,2,BUA,Burjaat,Burjaat,Buryat,FALSE,2013.01.01,,,2,,Selgitus kodanikule,Sisemine selgitus,,,,,
69,36,2,BUL,Bulgaarlane,Bulgaarlane,Bulgarian,FALSE,2013.01.01,,,2,,Selgitus kodanikule,Sisemine selgitus,,,,,
70,36,2,BUR,Birmalane,Birmalane,Burmese,FALSE,2013.01.01,,,2,,Selgitus kodanikule,Sisemine selgitus,,,,,
71,36,2,CAE,Kanadalane,Kanadalane,Canadian,FALSE,2013.01.01,,,2,,Selgitus kodanikule,Sisemine selgitus,,,,,
72,36,2,CAT,Katalaan,Katalaan,Catalan,FALSE,2013.01.01,,,2,,Selgitus kodanikule,Sisemine selgitus,,,,,
73,36,2,CHD,äveitslane,äveitslane,Swiss,FALSE,2013.01.01,,,2,,Selgitus kodanikule,Sisemine selgitus,,,,,
74,36,2,CHE,Töetöeen,Töetöeen,Chechen,FALSE,2013.01.01,,,2,,Selgitus kodanikule,Sisemine selgitus,,,,,
75,36,2,CHI,Hiinlane,Hiinlane,Chinese,FALSE,2013.01.01,,,2,,Selgitus kodanikule,Sisemine selgitus,,,,,
76,36,2,CHL,Töiillane,Töiillane,Chilean,FALSE,2013.01.01,,,2,,Selgitus kodanikule,Sisemine selgitus,,,,,
77,36,2,CHM,Mari,Mari,Mari,FALSE,2013.01.01,,,2,,Selgitus kodanikule,Sisemine selgitus,,,,,
78,36,2,CHU,Töuktöi,Töuktöi,Chukchi,FALSE,2013.01.01,,,2,,Selgitus kodanikule,Sisemine selgitus,,,,,
79,36,2,CHV,Töuvaöö,Töuvaöö,Chuvash,FALSE,2013.01.01,,,2,,Selgitus kodanikule,Sisemine selgitus,,,,,
80,36,2,CIR,Töerkess,Töerkess,Circassian,FALSE,2013.01.01,,,2,,Selgitus kodanikule,Sisemine selgitus,,,,,
81,36,2,COL,Colombialane,Colombialane,Colombian,FALSE,2013.01.01,,,2,,Selgitus kodanikule,Sisemine selgitus,,,,,
82,36,2,COS,Korsiklane,Korsiklane,Corsican,FALSE,2013.01.01,,,2,,Selgitus kodanikule,Sisemine selgitus,,,,,
83,36,2,CPE,Kreool (ingliskeelne),Kreool (ingliskeelne),Creole (english based),FALSE,2013.01.01,,,2,,Selgitus kodanikule,Sisemine selgitus,,,,,
84,36,2,CPF,Kreool (prantsuskeelne),Kreool (prantsuskeelne),Creole (franch based),FALSE,2013.01.01,,,2,,Selgitus kodanikule,Sisemine selgitus,,,,,
85,36,2,CPP,Kreool (portugalikeelne),Kreool (portugalikeelne),Creole (portuguese based),FALSE,2013.01.01,,,2,,Selgitus kodanikule,Sisemine selgitus,,,,,
86,36,2,CRH,Krimmitatarlane,Krimmitatarlane,Crimean Tatar,FALSE,2013.01.01,,,2,,Selgitus kodanikule,Sisemine selgitus,,,,,
87,36,2,CRP,Kreool (muu),Kreool (muu),Creole (other),FALSE,2013.01.01,,,2,,Selgitus kodanikule,Sisemine selgitus,,,,,
88,36,2,CUB,Kuubalane,Kuubalane,Cuban,FALSE,2013.01.01,,,2,,Selgitus kodanikule,Sisemine selgitus,,,,,
89,36,2,CZE,Töehh,Töehh,Czech,FALSE,2013.01.01,,,2,,Selgitus kodanikule,Sisemine selgitus,,,,,
90,36,2,DAN,Taanlane,Taanlane,Dane,FALSE,2013.01.01,,,2,,Selgitus kodanikule,Sisemine selgitus,,,,,
91,36,2,DAR,Darg,Darg,Dargwa,FALSE,2013.01.01,,,2,,Selgitus kodanikule,Sisemine selgitus,,,,,
92,36,2,DMA,Dominicalane,Dominicalane,Dominican,FALSE,2013.01.01,,,2,,Selgitus kodanikule,Sisemine selgitus,,,,,
93,36,2,DOL,Dolgaan,Dolgaan,Dolgan,FALSE,2013.01.01,,,2,,Selgitus kodanikule,Sisemine selgitus,,,,,
94,36,2,DOM,Dominikaanlane,Dominikaanlane,Dominicanian,FALSE,2013.01.01,,,2,,Selgitus kodanikule,Sisemine selgitus,,,,,
95,36,2,DUN,Huei,Huei,Dungan,FALSE,2013.01.01,,,2,,Selgitus kodanikule,Sisemine selgitus,,,,,
96,36,2,DUT,Hollandlane,Hollandlane,Dutchman(-woman),FALSE,2013.01.01,,,2,,Selgitus kodanikule,Sisemine selgitus,,,,,
97,36,2,ECU,Ecuadorlane,Ecuadorlane,Ecuadorian,FALSE,2013.01.01,,,2,,Selgitus kodanikule,Sisemine selgitus,,,,,
98,36,2,ENG,Inglane,Inglane,Englishman(-woman),FALSE,2013.01.01,,,2,,Selgitus kodanikule,Sisemine selgitus,,,,,
99,36,2,ESK,Eskimo,Eskimo,Eskimo,FALSE,2013.01.01,,,2,,Selgitus kodanikule,Sisemine selgitus,,,,,
100,36,2,EST,Eestlane,Eestlane,Estonian,FALSE,2013.01.01,,,2,,Selgitus kodanikule,Sisemine selgitus,,,,,
101,36,2,EVE,Eveen,Eveen,Even,FALSE,2013.01.01,,,2,,Selgitus kodanikule,Sisemine selgitus,,,,,
102,36,2,FAO,F‰‰rlane,F‰‰rlane,Faroese,FALSE,2013.01.01,,,2,,Selgitus kodanikule,Sisemine selgitus,,,,,
103,36,2,FIJ,Fidûilane,Fidûilane,Fiji,FALSE,2013.01.01,,,2,,Selgitus kodanikule,Sisemine selgitus,,,,,
104,36,2,FIN,Soomlane,Soomlane,Finn,FALSE,2013.01.01,,,2,,Selgitus kodanikule,Sisemine selgitus,,,,,
105,36,2,FLE,Flaam,Flaam,Fleming,FALSE,2013.01.01,,,2,,Selgitus kodanikule,Sisemine selgitus,,,,,
106,36,2,FRE,Prantslane,Prantslane,Frenchman(-woman),FALSE,2013.01.01,,,2,,Selgitus kodanikule,Sisemine selgitus,,,,,
107,36,2,FRY,Friis,Friis,Frisian,FALSE,2013.01.01,,,2,,Selgitus kodanikule,Sisemine selgitus,,,,,
108,36,2,GAG,Gagauus,Gagauus,Gagauz,FALSE,2013.01.01,,,2,,Selgitus kodanikule,Sisemine selgitus,,,,,
109,36,2,GEO,Grusiin,Grusiin,Georgian,FALSE,2013.01.01,,,2,,Selgitus kodanikule,Sisemine selgitus,,,,,
110,36,2,GER,Sakslane,Sakslane,German,FALSE,2013.01.01,,,2,,Selgitus kodanikule,Sisemine selgitus,,,,,
111,36,2,GIN,Guinealane,Guinealane,Guinean,FALSE,2013.01.01,,,2,,Selgitus kodanikule,Sisemine selgitus,,,,,
112,36,2,GLE,Iirlane,Iirlane,Irishman(-woman),FALSE,2013.01.01,,,2,,Selgitus kodanikule,Sisemine selgitus,,,,,
113,36,2,GLG,Galeeg,Galeeg,Galician,FALSE,2013.01.01,,,2,,Selgitus kodanikule,Sisemine selgitus,,,,,
114,36,2,GRE,Kreeklane,Kreeklane,Greek,FALSE,2013.01.01,,,2,,Selgitus kodanikule,Sisemine selgitus,,,,,
115,36,2,GRL,Grˆˆnlane,Grˆˆnlane,Greenlander,FALSE,2013.01.01,,,2,,Selgitus kodanikule,Sisemine selgitus,,,,,
116,36,2,GRN,Guaranii,Guaranii,Guarani,FALSE,2013.01.01,,,2,,Selgitus kodanikule,Sisemine selgitus,,,,,
117,36,2,GTM,Guatemalalane,Guatemalalane,Guatemalan,FALSE,2013.01.01,,,2,,Selgitus kodanikule,Sisemine selgitus,,,,,
118,36,2,GUD,Gudûarat,Gudûarat,Gujarati,FALSE,2013.01.01,,,2,,Selgitus kodanikule,Sisemine selgitus,,,,,
119,36,2,HAU,Hausa,Hausa,Hausa,FALSE,2013.01.01,,,2,,Selgitus kodanikule,Sisemine selgitus,,,,,
120,36,2,HEB,Juut,Juut,Jew,FALSE,2013.01.01,,,2,,Selgitus kodanikule,Sisemine selgitus,,,,,
121,36,2,HIN,Hindu,Hindu,Hindu,FALSE,2013.01.01,,,2,,Selgitus kodanikule,Sisemine selgitus,,,,,
122,36,2,HON,Honduraslane,Honduraslane,Honduran,FALSE,2013.01.01,,,2,,Selgitus kodanikule,Sisemine selgitus,,,,,
123,36,2,HUN,Ungarlane,Ungarlane,Hungarian,FALSE,2013.01.01,,,2,,Selgitus kodanikule,Sisemine selgitus,,,,,
124,36,2,IBO,Ibo,Ibo,Ibo,FALSE,2013.01.01,,,2,,Selgitus kodanikule,Sisemine selgitus,,,,,
125,36,2,ICE,Islandlane,Islandlane,Icelander,FALSE,2013.01.01,,,2,,Selgitus kodanikule,Sisemine selgitus,,,,,
126,36,2,IND,Indoneeslane,Indoneeslane,Indonesian,FALSE,2013.01.01,,,2,,Selgitus kodanikule,Sisemine selgitus,,,,,
127,36,2,ING,Ingerisoomlane,Ingerisoomlane,Ingrian,FALSE,2013.01.01,,,2,,Selgitus kodanikule,Sisemine selgitus,,,,,
128,36,2,INU,Inguöö,Inguöö,Ingush,FALSE,2013.01.01,,,2,,Selgitus kodanikule,Sisemine selgitus,,,,,
129,36,2,ITA,Itaallane,Itaallane,Italian,FALSE,2013.01.01,,,2,,Selgitus kodanikule,Sisemine selgitus,,,,,
130,36,2,ITE,Itelmeen,Itelmeen,Itelmen,FALSE,2013.01.01,,,2,,Selgitus kodanikule,Sisemine selgitus,,,,,
131,36,2,IZH,Isur,Isur,Izhorian,FALSE,2013.01.01,,,2,,Selgitus kodanikule,Sisemine selgitus,,,,,
132,36,2,JAM,Jamaicalane,Jamaicalane,Jamaican,FALSE,2013.01.01,,,2,,Selgitus kodanikule,Sisemine selgitus,,,,,
133,36,2,JAV,Jaavalane,Jaavalane,Javanese,FALSE,2013.01.01,,,2,,Selgitus kodanikule,Sisemine selgitus,,,,,
134,36,2,JPN,Jaapanlane,Jaapanlane,Japanese,FALSE,2013.01.01,,,2,,Selgitus kodanikule,Sisemine selgitus,,,,,
135,36,2,KAA,Karakalpakk,Karakalpakk,Karakalpak,FALSE,2013.01.01,,,2,,Selgitus kodanikule,Sisemine selgitus,,,,,
136,36,2,KAB,Kabard,Kabard,Kabardian,FALSE,2013.01.01,,,2,,Selgitus kodanikule,Sisemine selgitus,,,,,
137,36,2,KAL,Kalmıkk,Kalmıkk,Kalmuck,FALSE,2013.01.01,,,2,,Selgitus kodanikule,Sisemine selgitus,,,,,
138,36,2,KAN,Kannada,Kannada,Kannada,FALSE,2013.01.01,,,2,,Selgitus kodanikule,Sisemine selgitus,,,,,
139,36,2,KAR,Karjalane,Karjalane,Karelian,FALSE,2013.01.01,,,2,,Selgitus kodanikule,Sisemine selgitus,,,,,
140,36,2,KAS,Kaömiir,Kaömiir,Kashmiri,FALSE,2013.01.01,,,2,,Selgitus kodanikule,Sisemine selgitus,,,,,
141,36,2,KAZ,Kasahh,Kasahh,Kazakh,FALSE,2013.01.01,,,2,,Selgitus kodanikule,Sisemine selgitus,,,,,
142,36,2,KET,Kett,Kett,Ket,FALSE,2013.01.01,,,2,,Selgitus kodanikule,Sisemine selgitus,,,,,
143,36,2,KHA,Hakass,Hakass,Khakass,FALSE,2013.01.01,,,2,,Selgitus kodanikule,Sisemine selgitus,,,,,
144,36,2,KHM,Khmeer,Khmeer,Khmer,FALSE,2013.01.01,,,2,,Selgitus kodanikule,Sisemine selgitus,,,,,
145,36,2,KIR,Kirgiis,Kirgiis,Kirghiz,FALSE,2013.01.01,,,2,,Selgitus kodanikule,Sisemine selgitus,,,,,
146,36,2,KOM,Komi,Komi,Komi,FALSE,2013.01.01,,,2,,Selgitus kodanikule,Sisemine selgitus,,,,,
147,36,2,KON,Kongo,Kongo,Kongo,FALSE,2013.01.01,,,2,,Selgitus kodanikule,Sisemine selgitus,,,,,
148,36,2,KOR,Korealane,Korealane,Korean,FALSE,2013.01.01,,,2,,Selgitus kodanikule,Sisemine selgitus,,,,,
149,36,2,KPO,Permikomi,Permikomi,Komi-permyak,FALSE,2013.01.01,,,2,,Selgitus kodanikule,Sisemine selgitus,,,,,
150,36,2,KRA,Karaiim,Karaiim,Karaim,FALSE,2013.01.01,,,2,,Selgitus kodanikule,Sisemine selgitus,,,,,
151,36,2,KRT,Karatöai,Karatöai,Karachay,FALSE,2013.01.01,,,2,,Selgitus kodanikule,Sisemine selgitus,,,,,
152,36,2,KRY,Korjakk,Korjakk,Koryak,FALSE,2013.01.01,,,2,,Selgitus kodanikule,Sisemine selgitus,,,,,
153,36,2,KUM,Kumıkk,Kumıkk,Kumyk,FALSE,2013.01.01,,,2,,Selgitus kodanikule,Sisemine selgitus,,,,,
154,36,2,KUR,Kurd,Kurd,Kurd,FALSE,2013.01.01,,,2,,Selgitus kodanikule,Sisemine selgitus,,,,,
155,36,2,LAK,Lakk,Lakk,Lakk,FALSE,2013.01.01,,,2,,Selgitus kodanikule,Sisemine selgitus,,,,,
156,36,2,LAV,L‰tlane,L‰tlane,Latvian,FALSE,2013.01.01,,,2,,Selgitus kodanikule,Sisemine selgitus,,,,,
157,36,2,LEZ,Lesgi,Lesgi,Lezgi,FALSE,2013.01.01,,,2,,Selgitus kodanikule,Sisemine selgitus,,,,,
158,36,2,LIT,Leedulane,Leedulane,Lithuanian,FALSE,2013.01.01,,,2,,Selgitus kodanikule,Sisemine selgitus,,,,,
159,36,2,LIV,Liivlane,Liivlane,Livonian,FALSE,2013.01.01,,,2,,Selgitus kodanikule,Sisemine selgitus,,,,,
160,36,2,LTZ,Letseburglane,Letseburglane,Luxemburger,FALSE,2013.01.01,,,2,,Selgitus kodanikule,Sisemine selgitus,,,,,
161,36,2,LUG,Ganda,Ganda,Ganda,FALSE,2013.01.01,,,2,,Selgitus kodanikule,Sisemine selgitus,,,,,
162,36,2,LZZ,Lazi,Lazi,Laz,FALSE,2013.01.01,,,2,,Selgitus kodanikule,Sisemine selgitus,,,,,
163,36,2,MAC,Makedoonlane,Makedoonlane,Macedonian,FALSE,2013.01.01,,,2,,Selgitus kodanikule,Sisemine selgitus,,,,,
164,36,2,MAL,Malajalam,Malajalam,Malayalam,FALSE,2013.01.01,,,2,,Selgitus kodanikule,Sisemine selgitus,,,,,
165,36,2,MAN,Mansi,Mansi,Mansi,FALSE,2013.01.01,,,2,,Selgitus kodanikule,Sisemine selgitus,,,,,
166,36,2,MAO,Maoori,Maoori,MƒÅori,FALSE,2013.01.01,,,2,,Selgitus kodanikule,Sisemine selgitus,,,,,
167,36,2,MAS,Masai,Masai,Masai,FALSE,2013.01.01,,,2,,Selgitus kodanikule,Sisemine selgitus,,,,,
168,36,2,MAY,Malailane,Malailane,Malay,FALSE,2013.01.01,,,2,,Selgitus kodanikule,Sisemine selgitus,,,,,
169,36,2,MEX,Mehhiklane,Mehhiklane,Mexican,FALSE,2013.01.01,,,2,,Selgitus kodanikule,Sisemine selgitus,,,,,
170,36,2,MLG,Malagassi,Malagassi,Malagasy,FALSE,2013.01.01,,,2,,Selgitus kodanikule,Sisemine selgitus,,,,,
171,36,2,MLT,Maltalane,Maltalane,Maltese,FALSE,2013.01.01,,,2,,Selgitus kodanikule,Sisemine selgitus,,,,,
172,36,2,MNT,Montenegrolane,Montenegrolane,Montenegrin,FALSE,2013.01.01,,,2,,Selgitus kodanikule,Sisemine selgitus,,,,,
173,36,2,MOL,Moldovlane,Moldovlane,Moldavian,FALSE,2013.01.01,,,2,,Selgitus kodanikule,Sisemine selgitus,,,,,
174,36,2,MON,Mongol,Mongol,Mongol,FALSE,2013.01.01,,,2,,Selgitus kodanikule,Sisemine selgitus,,,,,
175,36,2,MOR,Mordvalane,Mordvalane,Mordvinian,FALSE,2013.01.01,,,2,,Selgitus kodanikule,Sisemine selgitus,,,,,
176,36,2,MTQ,Martiniqueaalane,Martiniqueaalane,Martiniquean,FALSE,2013.01.01,,,2,,Selgitus kodanikule,Sisemine selgitus,,,,,
177,36,2,NAH,Nahua,Nahua,Nahua,FALSE,2013.01.01,,,2,,Selgitus kodanikule,Sisemine selgitus,,,,,
178,36,2,NAN,Nanai,Nanai,Nanai,FALSE,2013.01.01,,,2,,Selgitus kodanikule,Sisemine selgitus,,,,,
179,36,2,NAU,Naurulane,Naurulane,Nauruan,FALSE,2013.01.01,,,2,,Selgitus kodanikule,Sisemine selgitus,,,,,
180,36,2,NEG,Negidal,Negidal,Negidal,FALSE,2013.01.01,,,2,,Selgitus kodanikule,Sisemine selgitus,,,,,
181,36,2,NEP,Nepallane,Nepallane,Nepali,FALSE,2013.01.01,,,2,,Selgitus kodanikule,Sisemine selgitus,,,,,
182,36,2,NEW,Uusmeremaalane (ingliskeelne),Uusmeremaalane (ingliskeelne),New Zealander,FALSE,2013.01.01,,,2,,Selgitus kodanikule,Sisemine selgitus,,,,,
183,36,2,NGA,Nganassaan,Nganassaan,Nganasan,FALSE,2013.01.01,,,2,,Selgitus kodanikule,Sisemine selgitus,,,,,
184,36,2,NIC,Nicaragualane,Nicaragualane,Nicaraguan,FALSE,2013.01.01,,,2,,Selgitus kodanikule,Sisemine selgitus,,,,,
185,36,2,NIV,Nivh,Nivh,Nivkh,FALSE,2013.01.01,,,2,,Selgitus kodanikule,Sisemine selgitus,,,,,
186,36,2,NOG,Nogai,Nogai,Nogay,FALSE,2013.01.01,,,2,,Selgitus kodanikule,Sisemine selgitus,,,,,
187,36,2,NOR,Norralane,Norralane,Norwegian,FALSE,2013.01.01,,,2,,Selgitus kodanikule,Sisemine selgitus,,,,,
188,36,2,ORM,Oromo,Oromo,Oromo,FALSE,2013.01.01,,,2,,Selgitus kodanikule,Sisemine selgitus,,,,,
189,36,2,ORO,Orotö,Orotö,Oroch,FALSE,2013.01.01,,,2,,Selgitus kodanikule,Sisemine selgitus,,,,,
190,36,2,OSS,Osseet,Osseet,Ossetian,FALSE,2013.01.01,,,2,,Selgitus kodanikule,Sisemine selgitus,,,,,
191,36,2,OST,Hant,Hant,Khanty,FALSE,2013.01.01,,,2,,Selgitus kodanikule,Sisemine selgitus,,,,,
192,36,2,OTH,Muu,Muu,Other,FALSE,2013.01.01,,,2,,Selgitus kodanikule,Sisemine selgitus,,,,,
193,36,2,PAA,Paapua,Paapua,Papuan,FALSE,2013.01.01,,,2,,Selgitus kodanikule,Sisemine selgitus,,,,,
194,36,2,PAK,Pakistanlane,Pakistanlane,Pakistani,FALSE,2013.01.01,,,2,,Selgitus kodanikule,Sisemine selgitus,,,,,
195,36,2,PAM,Panamalane,Panamalane,Panamanian,FALSE,2013.01.01,,,2,,Selgitus kodanikule,Sisemine selgitus,,,,,
196,36,2,PAN,Pandûab,Pandûab,Punjabi,FALSE,2013.01.01,,,2,,Selgitus kodanikule,Sisemine selgitus,,,,,
197,36,2,PAR,Paraguaylane,Paraguaylane,Paraguayan,FALSE,2013.01.01,,,2,,Selgitus kodanikule,Sisemine selgitus,,,,,
198,36,2,PER,P‰rslane,P‰rslane,Persian,FALSE,2013.01.01,,,2,,Selgitus kodanikule,Sisemine selgitus,,,,,
199,36,2,PEV,Peruulane,Peruulane,Peruvian,FALSE,2013.01.01,,,2,,Selgitus kodanikule,Sisemine selgitus,,,,,
200,36,2,POL,Poolakas,Poolakas,Pole,FALSE,2013.01.01,,,2,,Selgitus kodanikule,Sisemine selgitus,,,,,
201,36,2,POR,Portugallane,Portugallane,Portuguese,FALSE,2013.01.01,,,2,,Selgitus kodanikule,Sisemine selgitus,,,,,
202,36,2,PRI,Puertoricolane,Puertoricolane,Puertorican,FALSE,2013.01.01,,,2,,Selgitus kodanikule,Sisemine selgitus,,,,,
203,36,2,PUS,Puötu,Puötu,Afghan,FALSE,2013.01.01,,,2,,Selgitus kodanikule,Sisemine selgitus,,,,,
204,36,2,QUE,Ketöua,Ketöua,Quechua,FALSE,2013.01.01,,,2,,Selgitus kodanikule,Sisemine selgitus,,,,,
205,36,2,ROH,Retoromaan,Retoromaan,Rhaeto-Romance,FALSE,2013.01.01,,,2,,Selgitus kodanikule,Sisemine selgitus,,,,,
206,36,2,ROM,Roma,Roma,Romany,FALSE,2013.01.01,,,2,,Selgitus kodanikule,Sisemine selgitus,,,,,
207,36,2,RUE,Russiin,Russiin,Rusyn,FALSE,2013.01.01,,,2,,Selgitus kodanikule,Sisemine selgitus,,,,,
208,36,2,RUM,Rumeenlane,Rumeenlane,Romanian,FALSE,2013.01.01,,,2,,Selgitus kodanikule,Sisemine selgitus,,,,,
209,36,2,RUN,Rundi,Rundi,Rundi,FALSE,2013.01.01,,,2,,Selgitus kodanikule,Sisemine selgitus,,,,,
210,36,2,RUS,Venelane,Venelane,Russian,FALSE,2013.01.01,,,2,,Selgitus kodanikule,Sisemine selgitus,,,,,
211,36,2,RUT,Rutul,Rutul,Rutul,FALSE,2013.01.01,,,2,,Selgitus kodanikule,Sisemine selgitus,,,,,
212,36,2,RWA,Ruanda,Ruanda,Rwanda,FALSE,2013.01.01,,,2,,Selgitus kodanikule,Sisemine selgitus,,,,,
213,36,2,SAH,Jakuut,Jakuut,Yakut,FALSE,2013.01.01,,,2,,Selgitus kodanikule,Sisemine selgitus,,,,,
214,36,2,SAL,Salvadorlane,Salvadorlane,Salvadorian,FALSE,2013.01.01,,,2,,Selgitus kodanikule,Sisemine selgitus,,,,,
215,36,2,SAM,Neenets,Neenets,Nenets,FALSE,2013.01.01,,,2,,Selgitus kodanikule,Sisemine selgitus,,,,,
216,36,2,SCC,Serblane,Serblane,Serbian,FALSE,2013.01.01,,,2,,Selgitus kodanikule,Sisemine selgitus,,,,,
217,36,2,SCO,äotlane,äotlane,Scot,FALSE,2013.01.01,,,2,,Selgitus kodanikule,Sisemine selgitus,,,,,
218,36,2,SCR,Horvaat,Horvaat,Croatian,FALSE,2013.01.01,,,2,,Selgitus kodanikule,Sisemine selgitus,,,,,
219,36,2,SEL,Sˆlkup,Sˆlkup,Selkup,FALSE,2013.01.01,,,2,,Selgitus kodanikule,Sisemine selgitus,,,,,
220,36,2,SET,Tsvana,Tsvana,Tswana,FALSE,2013.01.01,,,2,,Selgitus kodanikule,Sisemine selgitus,,,,,
221,36,2,SHO,äoor,äoor,Shor,FALSE,2013.01.01,,,2,,Selgitus kodanikule,Sisemine selgitus,,,,,
222,36,2,SIN,Singal,Singal,Sinhalese,FALSE,2013.01.01,,,2,,Selgitus kodanikule,Sisemine selgitus,,,,,
223,36,2,SIO,Siuu,Siuu,Sioux,FALSE,2013.01.01,,,2,,Selgitus kodanikule,Sisemine selgitus,,,,,
224,36,2,SIS,Svaasi,Svaasi,Swazi,FALSE,2013.01.01,,,2,,Selgitus kodanikule,Sisemine selgitus,,,,,
225,36,2,SLO,Slovakk,Slovakk,Slovak,FALSE,2013.01.01,,,2,,Selgitus kodanikule,Sisemine selgitus,,,,,
226,36,2,SLV,Sloveen,Sloveen,Slovene,FALSE,2013.01.01,,,2,,Selgitus kodanikule,Sisemine selgitus,,,,,
227,36,2,SMI,Saam,Saam,Lapp,FALSE,2013.01.01,,,2,,Selgitus kodanikule,Sisemine selgitus,,,,,
228,36,2,SMO,Samoalane,Samoalane,Samoan,FALSE,2013.01.01,,,2,,Selgitus kodanikule,Sisemine selgitus,,,,,
229,36,2,SNA,äona,äona,Shona,FALSE,2013.01.01,,,2,,Selgitus kodanikule,Sisemine selgitus,,,,,
230,36,2,SND,Sindhi,Sindhi,Sindhi,FALSE,2013.01.01,,,2,,Selgitus kodanikule,Sisemine selgitus,,,,,
231,36,2,SOM,Somaal,Somaal,Somali,FALSE,2013.01.01,,,2,,Selgitus kodanikule,Sisemine selgitus,,,,,
232,36,2,SOT,Sotho,Sotho,Sotho,FALSE,2013.01.01,,,2,,Selgitus kodanikule,Sisemine selgitus,,,,,
233,36,2,SPA,Hispaanlane,Hispaanlane,Spanish,FALSE,2013.01.01,,,2,,Selgitus kodanikule,Sisemine selgitus,,,,,
234,36,2,SRD,Sard,Sard,Sardinian,FALSE,2013.01.01,,,2,,Selgitus kodanikule,Sisemine selgitus,,,,,
235,36,2,SRH,Serbohorvaat,Serbohorvaat,Serbo-Croatian,FALSE,2013.01.01,,,2,,Selgitus kodanikule,Sisemine selgitus,,,,,
236,36,2,STV,Saintvincentlane,Saintvincentlane,Vincentian,FALSE,2013.01.01,,,2,,Selgitus kodanikule,Sisemine selgitus,,,,,
237,36,2,SUN,Sunda,Sunda,Sundanese,FALSE,2013.01.01,,,2,,Selgitus kodanikule,Sisemine selgitus,,,,,
238,36,2,SWA,Suahiili,Suahiili,Swahili,FALSE,2013.01.01,,,2,,Selgitus kodanikule,Sisemine selgitus,,,,,
239,36,2,SWE,Rootslane,Rootslane,Swede,FALSE,2013.01.01,,,2,,Selgitus kodanikule,Sisemine selgitus,,,,,
240,36,2,SYR,Ass¸¸rlane,Ass¸¸rlane,Assyrian,FALSE,2013.01.01,,,2,,Selgitus kodanikule,Sisemine selgitus,,,,,
241,36,2,TAB,Tabassaraan,Tabassaraan,Tabasaran,FALSE,2013.01.01,,,2,,Selgitus kodanikule,Sisemine selgitus,,,,,
242,36,2,TAL,Talıöö,Talıöö,Talysh,FALSE,2013.01.01,,,2,,Selgitus kodanikule,Sisemine selgitus,,,,,
243,36,2,TAM,Tamil,Tamil,Tamil,FALSE,2013.01.01,,,2,,Selgitus kodanikule,Sisemine selgitus,,,,,
244,36,2,TAT,Tatarlane,Tatarlane,Tatar,FALSE,2013.01.01,,,2,,Selgitus kodanikule,Sisemine selgitus,,,,,
245,36,2,TEL,Telugu,Telugu,Telugu,FALSE,2013.01.01,,,2,,Selgitus kodanikule,Sisemine selgitus,,,,,
246,36,2,TEM,Temne,Temne,Temne,FALSE,2013.01.01,,,2,,Selgitus kodanikule,Sisemine selgitus,,,,,
247,36,2,TGK,Tadûikk,Tadûikk,Tajik,FALSE,2013.01.01,,,2,,Selgitus kodanikule,Sisemine selgitus,,,,,
248,36,2,TGL,Tagalog,Tagalog,Tagalog,FALSE,2013.01.01,,,2,,Selgitus kodanikule,Sisemine selgitus,,,,,
249,36,2,THA,Tailane,Tailane,Thai,FALSE,2013.01.01,,,2,,Selgitus kodanikule,Sisemine selgitus,,,,,
250,36,2,TIB,Tiibetlane,Tiibetlane,Tibetan,FALSE,2013.01.01,,,2,,Selgitus kodanikule,Sisemine selgitus,,,,,
251,36,2,TOG,Tonga,Tonga,Tonga,FALSE,2013.01.01,,,2,,Selgitus kodanikule,Sisemine selgitus,,,,,
252,36,2,TRI,Trinidadlane,Trinidadlane,Trinidadian,FALSE,2013.01.01,,,2,,Selgitus kodanikule,Sisemine selgitus,,,,,
253,36,2,TSA,Tsahh,Tsahh,Tsakhur,FALSE,2013.01.01,,,2,,Selgitus kodanikule,Sisemine selgitus,,,,,
254,36,2,TTI,Taatlane,Taatlane,Tati,FALSE,2013.01.01,,,2,,Selgitus kodanikule,Sisemine selgitus,,,,,
255,36,2,TUA,Tuareeg,Tuareeg,Tuareg,FALSE,2013.01.01,,,2,,Selgitus kodanikule,Sisemine selgitus,,,,,
256,36,2,TUK,T¸rkmeen,T¸rkmeen,Turkoman,FALSE,2013.01.01,,,2,,Selgitus kodanikule,Sisemine selgitus,,,,,
257,36,2,TUN,Evenk,Evenk,Evenk,FALSE,2013.01.01,,,2,,Selgitus kodanikule,Sisemine selgitus,,,,,
258,36,2,TUR,T¸rklane,T¸rklane,Turk,FALSE,2013.01.01,,,2,,Selgitus kodanikule,Sisemine selgitus,,,,,
259,36,2,TYV,Tıvalane,Tıvalane,Tuvinian,FALSE,2013.01.01,,,2,,Selgitus kodanikule,Sisemine selgitus,,,,,
260,36,2,UDM,Udmurt,Udmurt,Udmurt,FALSE,2013.01.01,,,2,,Selgitus kodanikule,Sisemine selgitus,,,,,
261,36,2,UIG,Uiguur,Uiguur,Uigur,FALSE,2013.01.01,,,2,,Selgitus kodanikule,Sisemine selgitus,,,,,
262,36,2,UKR,Ukrainlane,Ukrainlane,Ukrainian,FALSE,2013.01.01,,,2,,Selgitus kodanikule,Sisemine selgitus,,,,,
263,36,2,URY,Uruguaylane,Uruguaylane,Uruguayan,FALSE,2013.01.01,,,2,,Selgitus kodanikule,Sisemine selgitus,,,,,
264,36,2,USA,USA ameeriklane,USA ameeriklane,US American,FALSE,2013.01.01,,,2,,Selgitus kodanikule,Sisemine selgitus,,,,,
265,36,2,UZB,Usbekk,Usbekk,Uzbek,FALSE,2013.01.01,,,2,,Selgitus kodanikule,Sisemine selgitus,,,,,
266,36,2,VEN,Venezuelalane,Venezuelalane,Venezuelan,FALSE,2013.01.01,,,2,,Selgitus kodanikule,Sisemine selgitus,,,,,
267,36,2,VEP,Vepslane,Vepslane,Vepsian,FALSE,2013.01.01,,,2,,Selgitus kodanikule,Sisemine selgitus,,,,,
268,36,2,VIE,Vietnamlane,Vietnamlane,Vietnamese,FALSE,2013.01.01,,,2,,Selgitus kodanikule,Sisemine selgitus,,,,,
269,36,2,VOT,Vadjalane,Vadjalane,Votian,FALSE,2013.01.01,,,2,,Selgitus kodanikule,Sisemine selgitus,,,,,
270,36,2,WAL,Valloon,Valloon,Walloon,FALSE,2013.01.01,,,2,,Selgitus kodanikule,Sisemine selgitus,,,,,
271,36,2,WEN,Sorb,Sorb,Sorbian,FALSE,2013.01.01,,,2,,Selgitus kodanikule,Sisemine selgitus,,,,,
272,36,2,WLS,Kımr,Kımr,Welsh,FALSE,2013.01.01,,,2,,Selgitus kodanikule,Sisemine selgitus,,,,,
273,36,2,YKG,Jukagiir,Jukagiir,Yukaghir,FALSE,2013.01.01,,,2,,Selgitus kodanikule,Sisemine selgitus,,,,,
274,36,2,YOR,Joruba,Joruba,Yoruba,FALSE,2013.01.01,,,2,,Selgitus kodanikule,Sisemine selgitus,,,,,
275,36,2,YUG,Jugoslaavlane,Jugoslaavlane,Yugoslavian,FALSE,2013.01.01,,,2,,Selgitus kodanikule,Sisemine selgitus,,,,,
276,36,2,YUK,Maaja,Maaja,Maya,FALSE,2013.01.01,,,2,,Selgitus kodanikule,Sisemine selgitus,,,,,
277,36,2,ZUL,Suulu,Suulu,Zulu,FALSE,2013.01.01,,,2,,Selgitus kodanikule,Sisemine selgitus,,,,,
278,0,,AB,Riigid ja territooriumid,Riigid ja territooriumid,Countries and territories,TRUE,2021.01.01,,,1,,,,,,,,
279,278,3,AD,Andorra,Andorra V¸rstiriik,Andorra,FALSE,2021.01.01,,,2,,Selgitus kodanikule,Sisemine selgitus,,,,,
280,278,3,AE,Araabia ‹hendemiraadid,,United Arab Emirates,FALSE,2021.01.01,,,2,,Selgitus kodanikule,Sisemine selgitus,,,,,
281,278,3,AF,Afganistan,Afganistani Islamivabariik,Afghanistan,FALSE,2021.01.01,,,2,,Selgitus kodanikule,Sisemine selgitus,,,,,
282,278,3,AG,Antigua ja Barbuda,,Antigua and Barbuda,FALSE,2021.01.01,,,2,,Selgitus kodanikule,Sisemine selgitus,,,,,
283,278,3,AI,Anguilla,Suurbritannia territoorium (GB),Anguilla,FALSE,2021.01.01,,,2,,Selgitus kodanikule,Sisemine selgitus,,,,,
284,278,3,AL,Albaania,Albaania Vabariik,Albania,FALSE,2021.01.01,,,2,,Selgitus kodanikule,Sisemine selgitus,,,,,
285,278,3,AM,Armeenia,"Armeenia Vabariik. Endine osa NSV Liidust (SU, SUN, 810) enne selle lagunemist.",Armenia,FALSE,2021.01.01,,,2,,Selgitus kodanikule,Sisemine selgitus,,,,,
286,278,3,AO,Angola,Angola Vabariik,Angola,FALSE,2021.01.01,,,2,,Selgitus kodanikule,Sisemine selgitus,,,,,
287,278,3,AQ,Antarktis,Territoorium lıuna pool 60¬∞ lıunalaiust.,Antarctica,FALSE,2021.01.01,,,2,,Selgitus kodanikule,Sisemine selgitus,,,,,
288,278,3,AR,Argentina,Argentina Vabariik,Argentina,FALSE,2021.01.01,,,2,,Selgitus kodanikule,Sisemine selgitus,,,,,
289,278,3,AS,Ameerika Samoa,Ameerika ‹hendriikide territoorium (US),American Samoa,FALSE,2021.01.01,,,2,,Selgitus kodanikule,Sisemine selgitus,,,,,
290,278,3,AT,Austria,Austria Vabariik,Austria,FALSE,2021.01.01,,,2,,Selgitus kodanikule,Sisemine selgitus,,,,,
291,278,3,AU,Austraalia,,Australia,FALSE,2021.01.01,,,2,,Selgitus kodanikule,Sisemine selgitus,,,,,
292,278,3,AW,Aruba,Hollandi territoorium (NL),Aruba,FALSE,2021.01.01,,,2,,Selgitus kodanikule,Sisemine selgitus,,,,,
293,278,3,AX,Ahvenamaa,Soome territoorium (FI),√Öland Islands,FALSE,2021.01.01,,,2,,Selgitus kodanikule,Sisemine selgitus,,,,,
294,278,3,AZ,Aserbaidûaan,"Aserbaidûaani Vabariik. Endine osa NSV Liidust (SU, SUN, 810) enne selle lagunemist.",Azerbaijan,FALSE,2021.01.01,,,2,,Selgitus kodanikule,Sisemine selgitus,,,,,
295,278,3,BA,Bosnia ja Hertsegoviina,Endine Jugoslaavia osa (YU) enne selle lagunemist.,Bosnia and Herzegovina,FALSE,2021.01.01,,,2,,Selgitus kodanikule,Sisemine selgitus,,,,,
296,278,3,BB,Barbados,,Barbados,FALSE,2021.01.01,,,2,,Selgitus kodanikule,Sisemine selgitus,,,,,
297,278,3,BD,Bangladesh,Bangladeshi Rahvavabariik,Bangladesh,FALSE,2021.01.01,,,2,,Selgitus kodanikule,Sisemine selgitus,,,,,
298,278,3,BE,Belgia,Belgia Kuningriik,Belgium,FALSE,2021.01.01,,,2,,Selgitus kodanikule,Sisemine selgitus,,,,,
299,278,3,BF,Burkina Faso,"Nimi muudeti ‹lem-Voltast (HV, HVO, 854) Burkina Faso-ks. (1984)",Burkina Faso,FALSE,2021.01.01,,,2,,Selgitus kodanikule,Sisemine selgitus,,,,,
300,278,3,BG,Bulgaaria,Bulgaaria Vabariik,Bulgaria,FALSE,2021.01.01,,,2,,Selgitus kodanikule,Sisemine selgitus,,,,,
301,278,3,BH,Bahrein,Bahreini Kuningriik,Bahrain,FALSE,2021.01.01,,,2,,Selgitus kodanikule,Sisemine selgitus,,,,,
302,278,3,BI,Burundi,Burundi Vabariik,Burundi,FALSE,2021.01.01,,,2,,Selgitus kodanikule,Sisemine selgitus,,,,,
303,278,3,BJ,Benin,Benini Vabariik,Benin,FALSE,2021.01.01,,,2,,Selgitus kodanikule,Sisemine selgitus,,,,,
304,278,3,BL,Saint-BarthËlemy,Prantsusmaa territoorium (FR),Saint BarthËlemy,FALSE,2021.01.01,,,2,,Selgitus kodanikule,Sisemine selgitus,,,,,
305,278,3,BM,Bermuda,Bermuda saared. Suurbritannia territoorium (GB).,Bermuda,FALSE,2021.01.01,,,2,,Selgitus kodanikule,Sisemine selgitus,,,,,
306,278,3,BN,Brunei,Brunei Darussalami Riik. Variant: Negara Brunei Darussalam.,Brunei Darussalam,FALSE,2021.01.01,,,2,,Selgitus kodanikule,Sisemine selgitus,,,,,
307,278,3,BO,Boliivia,Boliivia Paljurahvuseline Riik,Bolivia (Plurinational State of),FALSE,2021.01.01,,,2,,Selgitus kodanikule,Sisemine selgitus,,,,,
308,278,3,BQ,"Bonaire, Sint Eustatius ja Saba","Hollandi territoorium (NL). Hollandi Antillid (AN, ANT, 530) jagunesid (10.10.2010) Bonaire'iks, Saint Eustatiuseks ja Sabaks (BQ, BES, 535), Cura√ßao'ks (CW, CUW, 531) ja Sint Maarteniks (Hollandi osa) (SX, SXM, 534).","Bonaire, Saint Eustatius and Saba",FALSE,2021.01.01,,,2,,Selgitus kodanikule,Sisemine selgitus,,,,,
309,278,3,BR,Brasiilia,Brasiilia Liitvabariik,Brazil,FALSE,2021.01.01,,,2,,Selgitus kodanikule,Sisemine selgitus,,,,,
310,278,3,BS,Bahama,Bahama ‹hendus,Bahamas,FALSE,2021.01.01,,,2,,Selgitus kodanikule,Sisemine selgitus,,,,,
311,278,3,BT,Bhutan,Bhutani Kuningriik,Bhutan,FALSE,2021.01.01,,,2,,Selgitus kodanikule,Sisemine selgitus,,,,,
312,278,3,BV,Bouvet‚Äô saar,Norra territoorium (NO),Bouvet Island,FALSE,2021.01.01,,,2,,Selgitus kodanikule,Sisemine selgitus,,,,,
313,278,3,BW,Botswana,Botswana Vabariik,Botswana,FALSE,2021.01.01,,,2,,Selgitus kodanikule,Sisemine selgitus,,,,,
314,278,3,BY,Valgevene,"Valgevene Vabariik. Nimi muudeti Valgevene NSV-st (BY, BYS, 112) Valgeveneks. Koodielement BYS eemaldati standardist ISO 3166-1. Endine osa NSV Liidust (SU, SUN, 810) enne selle lagunemist.",Belarus,FALSE,2021.01.01,,,2,,Selgitus kodanikule,Sisemine selgitus,,,,,
315,278,3,BZ,Belize,,Belize,FALSE,2021.01.01,,,2,,Selgitus kodanikule,Sisemine selgitus,,,,,
316,278,3,CA,Kanada,,Canada,FALSE,2021.01.01,,,2,,Selgitus kodanikule,Sisemine selgitus,,,,,
317,278,3,CC,Kookossaared (Keelingi saared),Kookossaarte ala. Austraalia territoorium (AU).,Cocos (Keeling) Islands,FALSE,2021.01.01,,,2,,Selgitus kodanikule,Sisemine selgitus,,,,,
318,278,3,CD,Kongo DV,Kongo Demokraatlik Vabariik. Kuni 1997 oli riigi nimi Zaire Vabariik.,Congo (the Democratic Republic of the),FALSE,2021.01.01,,,2,,Selgitus kodanikule,Sisemine selgitus,,,,,
319,278,3,CF,Kesk-Aafrika Vabariik,,Central African Republic,FALSE,2021.01.01,,,2,,Selgitus kodanikule,Sisemine selgitus,,,,,
320,278,3,CG,Kongo,Kongo Vabariik,Congo,FALSE,2021.01.01,,,2,,Selgitus kodanikule,Sisemine selgitus,,,,,
321,278,3,CH,äveits,äveitsi Konfˆderatsioon,Switzerland,FALSE,2021.01.01,,,2,,Selgitus kodanikule,Sisemine selgitus,,,,,
322,278,3,CI,CÙe d'Ivoire,CÙe d'Ivoire Vabariik,CÙe d'Ivoire,FALSE,2021.01.01,,,2,,Selgitus kodanikule,Sisemine selgitus,,,,,
323,278,3,CK,Cooki saared,Uus-Meremaa territoorium (NZ),Cook Islands,FALSE,2021.01.01,,,2,,Selgitus kodanikule,Sisemine selgitus,,,,,
324,278,3,CL,Töiili,Töiili Vabariik,Chile,FALSE,2021.01.01,,,2,,Selgitus kodanikule,Sisemine selgitus,,,,,
325,278,3,CM,Kamerun,Kameruni Vabariik,Cameroon,FALSE,2021.01.01,,,2,,Selgitus kodanikule,Sisemine selgitus,,,,,
326,278,3,CN,Hiina,"Hiina Rahvavabariik. Vt ka Taiwan, Hiina provints (TW).",China,FALSE,2021.01.01,,,2,,Selgitus kodanikule,Sisemine selgitus,,,,,
327,278,3,CO,Colombia (Kolumbia),Colombia Vabariik,Colombia,FALSE,2021.01.01,,,2,,Selgitus kodanikule,Sisemine selgitus,,,,,
328,278,3,CR,Costa Rica,Costa Rica Vabariik,Costa Rica,FALSE,2021.01.01,,,2,,Selgitus kodanikule,Sisemine selgitus,,,,,
329,278,3,CU,Kuuba,Kuuba Vabariik,Cuba,FALSE,2021.01.01,,,2,,Selgitus kodanikule,Sisemine selgitus,,,,,
330,278,3,CV,Roheneemesaared,Cabo Verde Vabariik,Cabo Verde,FALSE,2021.01.01,,,2,,Selgitus kodanikule,Sisemine selgitus,,,,,
331,278,3,CW,Cura√ßao,"Hollandi territoorium (NL). Hollandi Antillid (AN, ANT, 530) jagunesid (10.10.2010) Bonaire'iks, Saint Eustatiuseks ja Sabaks (BQ, BES, 535), Cura√ßao (CW, CUW, 531) ja Sint Maarteniks (Hollandi osa) (SX, SXM, 534).",Cura√ßao,FALSE,2021.01.01,,,2,,Selgitus kodanikule,Sisemine selgitus,,,,,
332,278,3,CX,Jıulusaar,Austraalia territoorium (AU),Christmas Island,FALSE,2021.01.01,,,2,,Selgitus kodanikule,Sisemine selgitus,,,,,
333,278,3,CY,K¸pros,K¸prose Vabariik,Cyprus,FALSE,2021.01.01,,,2,,Selgitus kodanikule,Sisemine selgitus,,,,,
334,278,3,CZ,Töehhi,"Töehhi Vabariik. Töehhoslovakkia (CS, CSK, 200) jagunes Töehhi (CZ, CZE, 203) ja Slovakkia (SK, SVK, 703) vahel.",Czechia,FALSE,2021.01.01,,,2,,Selgitus kodanikule,Sisemine selgitus,,,,,
335,278,3,DE,Saksamaa,"Saksamaa Liitvabariik. P‰rast taas¸hinemist 1990. aastal on endise Saksa Demokraatliku Vabariigi (DD, DDR, 278) koodielemendid lisatud Saksamaa koodielementidesse.",Germany,FALSE,2021.01.01,,,2,,Selgitus kodanikule,Sisemine selgitus,,,,,
336,278,3,DJ,Djibouti,"Djibouti Vabariik. Nime muudatus 1977. aastal Prantsuse Afarsist ja Issast (AI, AFI, -) sai Djibouti.",Djibouti,FALSE,2021.01.01,,,2,,Selgitus kodanikule,Sisemine selgitus,,,,,
337,278,3,DK,Taani,Taani Kuningriik,Denmark,FALSE,2021.01.01,,,2,,Selgitus kodanikule,Sisemine selgitus,,,,,
338,278,3,DM,Dominica,Dominica ‹hendus,Dominica,FALSE,2021.01.01,,,2,,Selgitus kodanikule,Sisemine selgitus,,,,,
339,278,3,DO,Dominikaani Vabariik,,Dominican Republic,FALSE,2021.01.01,,,2,,Selgitus kodanikule,Sisemine selgitus,,,,,
340,278,3,DZ,Alûeeria,Alûeeria Demokraatlik Rahvavabariik,Algeria,FALSE,2021.01.01,,,2,,Selgitus kodanikule,Sisemine selgitus,,,,,
341,278,3,EC,Ecuador,Ecuadori Vabariik,Ecuador,FALSE,2021.01.01,,,2,,Selgitus kodanikule,Sisemine selgitus,,,,,
342,278,3,EE,Eesti,"Eesti Vabariik. Endine osa NSV Liidust (SU, SUN, 810) enne selle lagunemist.",Estonia,FALSE,2021.01.01,,,2,,Selgitus kodanikule,Sisemine selgitus,,,,,
343,278,3,EG,Egiptus,Egiptuse Araabia Vabariik,Egypt,FALSE,2021.01.01,,,2,,Selgitus kodanikule,Sisemine selgitus,,,,,
344,278,3,EH,L‰‰ne-Sahara *,* Ajutine nimi. Maroko territoorium (MA).,Western Sahara *,FALSE,2021.01.01,,,2,,Selgitus kodanikule,Sisemine selgitus,,,,,
345,278,3,ER,Eritrea,Eritrea Riik,Eritrea,FALSE,2021.01.01,,,2,,Selgitus kodanikule,Sisemine selgitus,,,,,
346,278,3,ES,Hispaania,Hispaania Kuningriik,Spain,FALSE,2021.01.01,,,2,,Selgitus kodanikule,Sisemine selgitus,,,,,
347,278,3,ET,Etioopia,Etioopia Demokraatlik Liitvabariik,Ethiopia,FALSE,2021.01.01,,,2,,Selgitus kodanikule,Sisemine selgitus,,,,,
348,278,3,FI,Soome,Soome Vabariik,Finland,FALSE,2021.01.01,,,2,,Selgitus kodanikule,Sisemine selgitus,,,,,
349,278,3,FJ,Fidûi,Fidûi Saarte Vabariik,Fiji,FALSE,2021.01.01,,,2,,Selgitus kodanikule,Sisemine selgitus,,,,,
350,278,3,FK,Falklandi (Malviini) saared,Suurbritannia territoorium (GB),Falkland Islands [Malvinas],FALSE,2021.01.01,,,2,,Selgitus kodanikule,Sisemine selgitus,,,,,
351,278,3,FM,Mikroneesia,Mikroneesia Liiduriigid,Micronesia (Federated States of),FALSE,2021.01.01,,,2,,Selgitus kodanikule,Sisemine selgitus,,,,,
352,278,3,FO,F‰‰ri saared,Taani territoorium (DK),Faroe Islands,FALSE,2021.01.01,,,2,,Selgitus kodanikule,Sisemine selgitus,,,,,
353,278,3,FR,Prantsusmaa,Prantsuse Vabariik,France,FALSE,2021.01.01,,,2,,Selgitus kodanikule,Sisemine selgitus,,,,,
354,278,3,GA,Gabon,Gaboni Vabariik,Gabon,FALSE,2021.01.01,,,2,,Selgitus kodanikule,Sisemine selgitus,,,,,
355,278,3,GB,Suurbritannia ja Pıhja-Iiri ‹hendkuningriik,"Kui t‰isnimi jaoks on ruumi v‰he, n‰iteks tabelis, vıib kasutada j‰rgmist l¸hemat vormi: Suurbritannia. (UNTERM)",United Kingdom of Great Britain and Northern Ireland,FALSE,2021.01.01,,,2,,Selgitus kodanikule,Sisemine selgitus,,,,,
356,278,3,GD,Grenada,,Grenada,FALSE,2021.01.01,,,2,,Selgitus kodanikule,Sisemine selgitus,,,,,
357,278,3,GE,Gruusia,"Endine osa NSV Liidust (SU, SUN, 810) enne selle lagunemist 1991 aastal.",Georgia,FALSE,2021.01.01,,,2,,Selgitus kodanikule,Sisemine selgitus,,,,,
358,278,3,GF,Prantsuse Guajaana,Guajaana departemang. Prantsusmaa territoorium (FR).,French Guiana,FALSE,2021.01.01,,,2,,Selgitus kodanikule,Sisemine selgitus,,,,,
359,278,3,GG,Guernsey,,Guernsey,FALSE,2021.01.01,,,2,,Selgitus kodanikule,Sisemine selgitus,,,,,
360,278,3,GH,Ghana,Ghana Vabariik,Ghana,FALSE,2021.01.01,,,2,,Selgitus kodanikule,Sisemine selgitus,,,,,
361,278,3,GI,Gibraltar,Suurbritannia territoorium (GB),Gibraltar,FALSE,2021.01.01,,,2,,Selgitus kodanikule,Sisemine selgitus,,,,,
362,278,3,GL,Grˆˆnimaa,Taani territoorium (DK),Greenland,FALSE,2021.01.01,,,2,,Selgitus kodanikule,Sisemine selgitus,,,,,
363,278,3,GM,Gambia,Gambia Islamivabariik,Gambia,FALSE,2021.01.01,,,2,,Selgitus kodanikule,Sisemine selgitus,,,,,
364,278,3,GN,Guinea,Guinea Vabariik,Guinea,FALSE,2021.01.01,,,2,,Selgitus kodanikule,Sisemine selgitus,,,,,
365,278,3,GP,Guadeloupe,Guadeloupe'i ja sıltkondade departemang. Prantsusmaa territoorium (FR).,Guadeloupe,FALSE,2021.01.01,,,2,,Selgitus kodanikule,Sisemine selgitus,,,,,
366,278,3,GQ,Ekvatoriaal-Guinea,Ekvatoriaal-Guinea Vabariik,Equatorial Guinea,FALSE,2021.01.01,,,2,,Selgitus kodanikule,Sisemine selgitus,,,,,
367,278,3,GR,Kreeka,Kreeka Vabariik,Greece,FALSE,2021.01.01,,,2,,Selgitus kodanikule,Sisemine selgitus,,,,,
368,278,3,GS,Lıuna-Georgia ja Lıuna-Sandwichi saared,Suurbritannia territoorium (GB),South Georgia and the South Sandwich Islands,FALSE,2021.01.01,,,2,,Selgitus kodanikule,Sisemine selgitus,,,,,
369,278,3,GT,Guatemala,Guatemala Vabariik,Guatemala,FALSE,2021.01.01,,,2,,Selgitus kodanikule,Sisemine selgitus,,,,,
370,278,3,GU,Guam,Guami ala. Ameerika ‹hendriikide territoorium (US).,Guam,FALSE,2021.01.01,,,2,,Selgitus kodanikule,Sisemine selgitus,,,,,
371,278,3,GW,Guinea-Bissau,Guinea-Bissau Vabariik,Guinea-Bissau,FALSE,2021.01.01,,,2,,Selgitus kodanikule,Sisemine selgitus,,,,,
372,278,3,GY,Guyana,Guyana Vabariik,Guyana,FALSE,2021.01.01,,,2,,Selgitus kodanikule,Sisemine selgitus,,,,,
373,278,3,HK,Hongkong,Hiina erihalduspiirkond Hongkong. Hiina territoorium (CN).,Hong Kong,FALSE,2021.01.01,,,2,,Selgitus kodanikule,Sisemine selgitus,,,,,
374,278,3,HM,Heard ja McDonald,Heardi ja McDonaldi saarte ala. Austraalia territoorium (AU).,Heard Island and McDonald Islands,FALSE,2021.01.01,,,2,,Selgitus kodanikule,Sisemine selgitus,,,,,
375,278,3,HN,Honduras,Hondurase Vabariik,Honduras,FALSE,2021.01.01,,,2,,Selgitus kodanikule,Sisemine selgitus,,,,,
376,278,3,HR,Horvaatia,"Horvaatia Vabariik. Endine Jugoslaavia osa (YU, YUG, 891) enne selle lgunemist.",Croatia,FALSE,2021.01.01,,,2,,Selgitus kodanikule,Sisemine selgitus,,,,,
377,278,3,HT,Haiti,Haiti Vabariik,Haiti,FALSE,2021.01.01,,,2,,Selgitus kodanikule,Sisemine selgitus,,,,,
378,278,3,HU,Ungari,,Hungary,FALSE,2021.01.01,,,2,,Selgitus kodanikule,Sisemine selgitus,,,,,
379,278,3,ID,Indoneesia,Indoneesia Vabariik,Indonesia,FALSE,2021.01.01,,,2,,Selgitus kodanikule,Sisemine selgitus,,,,,
380,278,3,IE,Iirimaa,,Ireland,FALSE,2021.01.01,,,2,,Selgitus kodanikule,Sisemine selgitus,,,,,
381,278,3,IL,Iisrael,Iisraeli Riik,Israel,FALSE,2021.01.01,,,2,,Selgitus kodanikule,Sisemine selgitus,,,,,
382,278,3,IM,Mani saar,Suurbritannia territoorium (GB),Isle of Man,FALSE,2021.01.01,,,2,,Selgitus kodanikule,Sisemine selgitus,,,,,
383,278,3,IN,India,India Vabariik,India,FALSE,2021.01.01,,,2,,Selgitus kodanikule,Sisemine selgitus,,,,,
384,278,3,IO,Briti India ookeani ala,Suurbritannia territoorium (GB),British Indian Ocean Territory,FALSE,2021.01.01,,,2,,Selgitus kodanikule,Sisemine selgitus,,,,,
385,278,3,IQ,Iraak,"Iraagi Vabariik. Neutraalne tsoon (NT, NTZ, 536) jagunes ja on n¸¸d osa Iraagist (IQ, IRQ, 368) ja osa Saudi Araabiast (SA, SAU, 682). Koodikanne (NT, NTZ, 536) kustutati standardist ISO 3166-1.",Iraq,FALSE,2021.01.01,,,2,,Selgitus kodanikule,Sisemine selgitus,,,,,
386,278,3,IR,Iraan,Iraani Islamivabariik,Iran (Islamic Republic of),FALSE,2021.01.01,,,2,,Selgitus kodanikule,Sisemine selgitus,,,,,
387,278,3,IS,Island,Islandi Vabariik,Iceland,FALSE,2021.01.01,,,2,,Selgitus kodanikule,Sisemine selgitus,,,,,
388,278,3,IT,Itaalia,Itaalia Vabariik,Italy,FALSE,2021.01.01,,,2,,Selgitus kodanikule,Sisemine selgitus,,,,,
389,278,3,JE,Jersey,Suurbritannia territoorium (GB),Jersey,FALSE,2021.01.01,,,2,,Selgitus kodanikule,Sisemine selgitus,,,,,
390,278,3,JM,Jamaica,,Jamaica,FALSE,2021.01.01,,,2,,Selgitus kodanikule,Sisemine selgitus,,,,,
391,278,3,JO,Jordaania,Jordaania Haöimiidi Kuningriik,Jordan,FALSE,2021.01.01,,,2,,Selgitus kodanikule,Sisemine selgitus,,,,,
392,278,3,JP,Jaapan,,Japan,FALSE,2021.01.01,,,2,,Selgitus kodanikule,Sisemine selgitus,,,,,
393,278,3,KE,Kenya,Kenya Vabariik,Kenya,FALSE,2021.01.01,,,2,,Selgitus kodanikule,Sisemine selgitus,,,,,
394,278,3,KG,Kırgızstan,"Kirgiisi Vabariik. Endine osa NSV Liidust (SU, SUN, 810) enne selle lagunemist 1991 aastal.",Kyrgyzstan,FALSE,2021.01.01,,,2,,Selgitus kodanikule,Sisemine selgitus,,,,,
395,278,3,KH,Kambodûa,Kambodûa Kuningriik,Cambodia,FALSE,2021.01.01,,,2,,Selgitus kodanikule,Sisemine selgitus,,,,,
396,278,3,KI,Kiribati,Kiribati Vabariik,Kiribati,FALSE,2021.01.01,,,2,,Selgitus kodanikule,Sisemine selgitus,,,,,
397,278,3,KM,Komoorid,Komoori Liit,Comoros,FALSE,2021.01.01,,,2,,Selgitus kodanikule,Sisemine selgitus,,,,,
398,278,3,KN,Saint Kitts ja Nevis,Saint Christopheri ja Nevise Fˆderatsioon,Saint Kitts and Nevis,FALSE,2021.01.01,,,2,,Selgitus kodanikule,Sisemine selgitus,,,,,
399,278,3,KP,Korea Rahvademokraatlik Vabariik,Sageli kasutusel ka nimi Pıhja-Korea,Korea (the Democratic People's Republic of),FALSE,2021.01.01,,,2,,Selgitus kodanikule,Sisemine selgitus,,,,,
400,278,3,KR,Korea Vabariik,Sageli kasutusel ka nimi Lıuna-Korea,Korea (the Republic of),FALSE,2021.01.01,,,2,,Selgitus kodanikule,Sisemine selgitus,,,,,
401,278,3,KW,Kuveit,Kuveidi Riik,Kuwait,FALSE,2021.01.01,,,2,,Selgitus kodanikule,Sisemine selgitus,,,,,
402,278,3,KY,Kaimanisaared,Suurbritannia territoorium (GB),Cayman Islands,FALSE,2021.01.01,,,2,,Selgitus kodanikule,Sisemine selgitus,,,,,
403,278,3,KZ,Kasahstan,"Kasahstani Vabariik. Endine osa NSV Liidust (SU, SUN, 810) enne selle lagunemist 1991 aastal.",Kazakhstan,FALSE,2021.01.01,,,2,,Selgitus kodanikule,Sisemine selgitus,,,,,
404,278,3,LA,Laos,Laose Demokraatlik Rahvavabariik,Lao People's Democratic Republic,FALSE,2021.01.01,,,2,,Selgitus kodanikule,Sisemine selgitus,,,,,
405,278,3,LB,Liibanon,Liibanoni Vabariik,Lebanon,FALSE,2021.01.01,,,2,,Selgitus kodanikule,Sisemine selgitus,,,,,
406,278,3,LC,Saint Lucia,,Saint Lucia,FALSE,2021.01.01,,,2,,Selgitus kodanikule,Sisemine selgitus,,,,,
407,278,3,LI,Liechtenstein,Liechtensteini V¸rstiriik,Liechtenstein,FALSE,2021.01.01,,,2,,Selgitus kodanikule,Sisemine selgitus,,,,,
408,278,3,LK,Sri Lanka,Sri Lanka Demokraatlik Sotsialistlik Vabariik,Sri Lanka,FALSE,2021.01.01,,,2,,Selgitus kodanikule,Sisemine selgitus,,,,,
409,278,3,LR,Libeeria,Libeeria Vabariik,Liberia,FALSE,2021.01.01,,,2,,Selgitus kodanikule,Sisemine selgitus,,,,,
410,278,3,LS,Lesotho,Lesotho Kuningriik,Lesotho,FALSE,2021.01.01,,,2,,Selgitus kodanikule,Sisemine selgitus,,,,,
411,278,3,LT,Leedu,"Leedu Vabariik. Endine osa NSV Liidust (SU, SUN, 810) enne selle lagunemist 1991 aastal.",Lithuania,FALSE,2021.01.01,,,2,,Selgitus kodanikule,Sisemine selgitus,,,,,
412,278,3,LU,Luksemburg,Luksemburgi Suurhertsogiriik,Luxembourg,FALSE,2021.01.01,,,2,,Selgitus kodanikule,Sisemine selgitus,,,,,
413,278,3,LV,L‰ti,"L‰ti Vabariik. Endine osa NSV Liidust (SU, SUN, 810) enne selle lagunemist 1991 aastal.",Latvia,FALSE,2021.01.01,,,2,,Selgitus kodanikule,Sisemine selgitus,,,,,
414,278,3,LY,Liib¸a,Liib¸a Riik,Libya,FALSE,2021.01.01,,,2,,Selgitus kodanikule,Sisemine selgitus,,,,,
415,278,3,MA,Maroko,Maroko Kuningriik,Morocco,FALSE,2021.01.01,,,2,,Selgitus kodanikule,Sisemine selgitus,,,,,
416,278,3,MC,Monaco,Monaco V¸rstiriik,Monaco,FALSE,2021.01.01,,,2,,Selgitus kodanikule,Sisemine selgitus,,,,,
417,278,3,MD,Moldova,Moldova Vabariik,Moldova (the Republic of),FALSE,2021.01.01,,,2,,Selgitus kodanikule,Sisemine selgitus,,,,,
418,278,3,ME,Montenegro,"Yugoslavia (YU, YUG, 891, kuni 04.02.2003), seej‰rel Serbia ja Montenegro (CS, SCG, 891, kuni 26.09.2006 ). Serbia ja Montenegro (CS, SCG, 891) jagunes Serbiaks (RS, SRB, 688) ja Montenegroks (ME, MNE, 499).",Montenegro,FALSE,2021.01.01,,,2,,Selgitus kodanikule,Sisemine selgitus,,,,,
419,278,3,MF,Saint-Martin (Prantsuse osa),Saint-Martin pıhjaosa kuulub Prantsusmaale ja lıunaosa Hollandile (Sint Maarten). Prantsusmaa territoorium (FR).,Saint Martin (French part),FALSE,2021.01.01,,,2,,Selgitus kodanikule,Sisemine selgitus,,,,,
420,278,3,MG,Madagaskar,Madagaskari Vabariik,Madagascar,FALSE,2021.01.01,,,2,,Selgitus kodanikule,Sisemine selgitus,,,,,
421,278,3,MH,Marshalli Saared,"Marshalli Vabariik. Vaikse ookeani saared (usaldusterritoorium) (PC, PCI, 582) jagunesid j‰rgmiselt: Marshalli saared, Mikroneesia Liiduriigid (FM, FSM, 583), Pıhja-Mariaanid (MP, MNP, 580) ja Palau (PW, PLW, 585).",Marshall Islands,FALSE,2021.01.01,,,2,,Selgitus kodanikule,Sisemine selgitus,,,,,
422,278,3,MK,Pıhja-Makedoonia,"Pıhja-Makedoonia Vabariik. Endine Jugoslaavia osa (YU, YUG, 891) enne selle t¸keldamist.",North Macedonia,FALSE,2021.01.01,,,2,,Selgitus kodanikule,Sisemine selgitus,,,,,
423,278,3,ML,Mali,Mali Vabariik,Mali,FALSE,2021.01.01,,,2,,Selgitus kodanikule,Sisemine selgitus,,,,,
424,278,3,MM,Myanmar (Birma),"Myanmari Liidu Vabariik. Nimi muudeti (1989) endisest Birmast (BU, BUR, 104) Myanmariks (MM MMR, 104).",Myanmar,FALSE,2021.01.01,,,2,,Selgitus kodanikule,Sisemine selgitus,,,,,
425,278,3,MN,Mongoolia,,Mongolia,FALSE,2021.01.01,,,2,,Selgitus kodanikule,Sisemine selgitus,,,,,
426,278,3,MO,Macau,Macau erihalduspiirkond. Hiina territoorium (CN).,Macao,FALSE,2021.01.01,,,2,,Selgitus kodanikule,Sisemine selgitus,,,,,
427,278,3,MP,Pıhja-Mariaanid,"Pıhja-Mariaani ‹hendus. Ameerika ‹hendriikide territoorium (US). Vaikse ookeani saared (usaldusterritoorium) (PC, PCI, 582) jagunesid j‰rgmiselt: Marshalli saared (MH, MHL, 584), Mikroneesia Liiduriigid (FM, FSM, 583), Pıhja-Mariaanid ja Palau (PW, PLW, 585).",Northern Mariana Islands,FALSE,2021.01.01,,,2,,Selgitus kodanikule,Sisemine selgitus,,,,,
428,278,3,MQ,Martinique,Martinique'i departemang. Prantsusmaa territoorium (FR).,Martinique,FALSE,2021.01.01,,,2,,Selgitus kodanikule,Sisemine selgitus,,,,,
429,278,3,MR,Mauritaania,Mauritaania Islamivabariik,Mauritania,FALSE,2021.01.01,,,2,,Selgitus kodanikule,Sisemine selgitus,,,,,
430,278,3,MS,Montserrat,Montserrati asumaa. Suurbritannia territoorium (GB).,Montserrat,FALSE,2021.01.01,,,2,,Selgitus kodanikule,Sisemine selgitus,,,,,
431,278,3,MT,Malta,Malta Vabariik,Malta,FALSE,2021.01.01,,,2,,Selgitus kodanikule,Sisemine selgitus,,,,,
432,278,3,MU,Mauritius,Mauritiuse Vabariik,Mauritius,FALSE,2021.01.01,,,2,,Selgitus kodanikule,Sisemine selgitus,,,,,
433,278,3,MV,Maldiivid,Maldiivi Vabariik,Maldives,FALSE,2021.01.01,,,2,,Selgitus kodanikule,Sisemine selgitus,,,,,
434,278,3,MW,Malawi,Malawi Vabariik,Malawi,FALSE,2021.01.01,,,2,,Selgitus kodanikule,Sisemine selgitus,,,,,
435,278,3,MX,Mehhiko,Mehhiko ‹hendriigid,Mexico,FALSE,2021.01.01,,,2,,Selgitus kodanikule,Sisemine selgitus,,,,,
436,278,3,MY,Malaisia,,Malaysia,FALSE,2021.01.01,,,2,,Selgitus kodanikule,Sisemine selgitus,,,,,
437,278,3,MZ,Mosambiik,Mosambiigi Vabariik,Mozambique,FALSE,2021.01.01,,,2,,Selgitus kodanikule,Sisemine selgitus,,,,,
438,278,3,NA,Namiibia,Namiibia Vabariik,Namibia,FALSE,2021.01.01,,,2,,Selgitus kodanikule,Sisemine selgitus,,,,,
439,278,3,NC,Uus-Kaledoonia,Prantsusmaa territoorium (FR),New Caledonia,FALSE,2021.01.01,,,2,,Selgitus kodanikule,Sisemine selgitus,,,,,
440,278,3,NE,Niger,Nigeri Vabariik,Niger,FALSE,2021.01.01,,,2,,Selgitus kodanikule,Sisemine selgitus,,,,,
441,278,3,NF,Norfolk,Norfolki saare ala. Austraalia territoorium (AU).,Norfolk Island,FALSE,2021.01.01,,,2,,Selgitus kodanikule,Sisemine selgitus,,,,,
442,278,3,NG,Nigeeria,Nigeeria Liitvabariik,Nigeria,FALSE,2021.01.01,,,2,,Selgitus kodanikule,Sisemine selgitus,,,,,
443,278,3,NI,Nicaragua,Nicaragua Vabariik,Nicaragua,FALSE,2021.01.01,,,2,,Selgitus kodanikule,Sisemine selgitus,,,,,
444,278,3,NL,Holland,Madalmaade Kuningriik,Netherlands,FALSE,2021.01.01,,,2,,Selgitus kodanikule,Sisemine selgitus,,,,,
445,278,3,NO,Norra,Norra Kuningriik,Norway,FALSE,2021.01.01,,,2,,Selgitus kodanikule,Sisemine selgitus,,,,,
446,278,3,NP,Nepal,Nepali Demokraatlik Liitvabariik,Nepal,FALSE,2021.01.01,,,2,,Selgitus kodanikule,Sisemine selgitus,,,,,
447,278,3,NR,Nauru,Nauru Vabariik,Nauru,FALSE,2021.01.01,,,2,,Selgitus kodanikule,Sisemine selgitus,,,,,
448,278,3,NU,Niue,Uus-Meremaa territoorium (NZ),Niue,FALSE,2021.01.01,,,2,,Selgitus kodanikule,Sisemine selgitus,,,,,
449,278,3,NZ,Uus-Meremaa,,New Zealand,FALSE,2021.01.01,,,2,,Selgitus kodanikule,Sisemine selgitus,,,,,
450,278,3,OM,Omaan,Omaani Sultaniriik,Oman,FALSE,2021.01.01,,,2,,Selgitus kodanikule,Sisemine selgitus,,,,,
451,278,3,PA,Panama,Panama Vabariik,Panama,FALSE,2021.01.01,,,2,,Selgitus kodanikule,Sisemine selgitus,,,,,
452,278,3,PE,Peruu,Peruu Vabariik,Peru,FALSE,2021.01.01,,,2,,Selgitus kodanikule,Sisemine selgitus,,,,,
453,278,3,PF,Prantsuse Pol¸neesia,Prantsuse Pol¸neesia ala. Prantsusmaa territoorium (FR).,French Polynesia,FALSE,2021.01.01,,,2,,Selgitus kodanikule,Sisemine selgitus,,,,,
454,278,3,PG,Paapua Uus-Guinea,Paapua Uus-Guinea Iseseisvusriik,Papua New Guinea,FALSE,2021.01.01,,,2,,Selgitus kodanikule,Sisemine selgitus,,,,,
455,278,3,PH,Filipiinid,Filipiini Vabariik,Philippines,FALSE,2021.01.01,,,2,,Selgitus kodanikule,Sisemine selgitus,,,,,
456,278,3,PK,Pakistan,Pakistani Islamivabariik,Pakistan,FALSE,2021.01.01,,,2,,Selgitus kodanikule,Sisemine selgitus,,,,,
457,278,3,PL,Poola,Poola Vabariik,Poland,FALSE,2021.01.01,,,2,,Selgitus kodanikule,Sisemine selgitus,,,,,
458,278,3,PM,Saint-Pierre ja Miquelon,Saint Pierre'i ja Miqueloni territoriaal¸hendus. Prantsusmaa territoorium (FR).,Saint Pierre and Miquelon,FALSE,2021.01.01,,,2,,Selgitus kodanikule,Sisemine selgitus,,,,,
459,278,3,PN,Pitcairn,Pitcairn ja sıltkonnad. Suurbritannia territoorium (GB).,Pitcairn,FALSE,2021.01.01,,,2,,Selgitus kodanikule,Sisemine selgitus,,,,,
460,278,3,PR,Puerto Rico,Puerto Rico ‹hendus. Ameerika ‹hendriikide territoorium (US).,Puerto Rico,FALSE,2021.01.01,,,2,,Selgitus kodanikule,Sisemine selgitus,,,,,
461,278,3,PS,Palestiina,Palestiina Riik,"Palestine, State of",FALSE,2021.01.01,,,2,,Selgitus kodanikule,Sisemine selgitus,,,,,
462,278,3,PT,Portugal,Portugali Vabariik,Portugal,FALSE,2021.01.01,,,2,,Selgitus kodanikule,Sisemine selgitus,,,,,
463,278,3,PW,Belau,"Belau Vabariik. Vaikse ookeani saared (usaldusterritoorium) (PC, PCI, 582) jagunesid j‰rgmiselt: Marshalli saared (MH, MHL, 584), Mikroneesia Liiduriigid (FM, FSM, 583), Pıhja-Mariaanid (MP, MNP, 580) ja Palau.",Palau,FALSE,2021.01.01,,,2,,Selgitus kodanikule,Sisemine selgitus,,,,,
464,278,3,PY,Paraguay,Paraguay Vabariik,Paraguay,FALSE,2021.01.01,,,2,,Selgitus kodanikule,Sisemine selgitus,,,,,
465,278,3,QA,Katar,Katari Riik,Qatar,FALSE,2021.01.01,,,2,,Selgitus kodanikule,Sisemine selgitus,,,,,
466,278,3,RE,RËunion,RËunioni departemang. Prantsusmaa territoorium (FR).,RËunion,FALSE,2021.01.01,,,2,,Selgitus kodanikule,Sisemine selgitus,,,,,
467,278,3,RO,Rumeenia,,Romania,FALSE,2021.01.01,,,2,,Selgitus kodanikule,Sisemine selgitus,,,,,
468,278,3,RS,Serbia,"Serbia Vabariik. Serbia kuuluvus varem: YUGOSLAVIA (YU, YUG, 891, kuni 2003-07), seej‰rel SERBIA JA MONTENEGRO (CS, SCG, 891, kuni 2007-09-26). Serbia ja Montenegro (CS, SCG, 891) jagunesid Serbiaks (RS, SRB, 688) ja Montenegroks (ME, MNE, 499).",Serbia,FALSE,2021.01.01,,,2,,Selgitus kodanikule,Sisemine selgitus,,,,,
469,278,3,RU,Venemaa,"Venemaa Fˆderatsioon. Endine NSVL osa (SU, SUN, 810) enne selle lıhenemist.",Russian Federation,FALSE,2021.01.01,,,2,,Selgitus kodanikule,Sisemine selgitus,,,,,
470,278,3,RW,Rwanda,Rwanda Vabariik,Rwanda,FALSE,2021.01.01,,,2,,Selgitus kodanikule,Sisemine selgitus,,,,,
471,278,3,SA,Saudi Araabia,"Saudi Araabia Kuningriik. Neutraalne tsoon (NT, NTZ, 536) jagunes (1993) ja on n¸¸d osa Iraagist (IQ, IRQ, 368) ja osa Saudi Araabiast (SA, SAU, 682). Koodikanne (NT, NTZ, 536) kustutati standardist ISO 3166-1.",Saudi Arabia,FALSE,2021.01.01,,,2,,Selgitus kodanikule,Sisemine selgitus,,,,,
472,278,3,SB,Saalomoni Saared,,Solomon Islands,FALSE,2021.01.01,,,2,,Selgitus kodanikule,Sisemine selgitus,,,,,
473,278,3,SC,Seiöellid,Seiöelli Vabariik,Seychelles,FALSE,2021.01.01,,,2,,Selgitus kodanikule,Sisemine selgitus,,,,,
474,278,3,SD,Sudaan,Sudaani Vabariik. Sudaanist eraldus 9. juulil 2011 Lıuna-Sudaan (lıunaosa).,Sudan,FALSE,2021.01.01,,,2,,Selgitus kodanikule,Sisemine selgitus,,,,,
475,278,3,SE,Rootsi,Rootsi Kuningriik,Sweden,FALSE,2021.01.01,,,2,,Selgitus kodanikule,Sisemine selgitus,,,,,
476,278,3,SG,Singapur,Singapuri Vabariik,Singapore,FALSE,2021.01.01,,,2,,Selgitus kodanikule,Sisemine selgitus,,,,,
477,278,3,SH,Saint Helena,,"Saint Helena, Ascension ja Tristan da Cunha",FALSE,2021.01.01,,,2,,Selgitus kodanikule,Sisemine selgitus,,,,,
478,278,3,SI,Sloveenia,Sloveenia Vabariik,Slovenia,FALSE,2021.01.01,,,2,,Selgitus kodanikule,Sisemine selgitus,,,,,
479,278,3,SJ,Svalbard ja Jan Mayen,Norra territoorium (NO),Svalbard and Jan Mayen,FALSE,2021.01.01,,,2,,Selgitus kodanikule,Sisemine selgitus,,,,,
480,278,3,SK,Slovakkia,"Slovaki Vabariik. Töehhoslovakkia (CS, CSK, 200) jagunes Töehhi (CZ, CZE, 203) ja Slovakkia (SK, SVK, 703) vahel.",Slovakia,FALSE,2021.01.01,,,2,,Selgitus kodanikule,Sisemine selgitus,,,,,
481,278,3,SL,Sierra Leone,Sierra Leone Vabariik,Sierra Leone,FALSE,2021.01.01,,,2,,Selgitus kodanikule,Sisemine selgitus,,,,,
482,278,3,SM,San Marino,San Marino Vabariik,San Marino,FALSE,2021.01.01,,,2,,Selgitus kodanikule,Sisemine selgitus,,,,,
483,278,3,SN,Senegal,Senegali Vabariik,Senegal,FALSE,2021.01.01,,,2,,Selgitus kodanikule,Sisemine selgitus,,,,,
484,278,3,SO,Somaalia,Somaalia Vabariik,Somalia,FALSE,2021.01.01,,,2,,Selgitus kodanikule,Sisemine selgitus,,,,,
485,278,3,SR,Suriname,Suriname Vabariik,Suriname,FALSE,2021.01.01,,,2,,Selgitus kodanikule,Sisemine selgitus,,,,,
486,278,3,SS,Lıuna-Sudaan,"Lıuna-Sudaani Vabariik. 9. juulist 2011 on iseseisev Lıuna-Sudaani Vabariik, mis eraldus Sudaani Vabariigist.",South Sudan,FALSE,2021.01.01,,,2,,Selgitus kodanikule,Sisemine selgitus,,,,,
487,278,3,ST,S„o TomË ja PrÌncipe,S„o TomË ja PrÌncipe Demokraatlik Vabariik,Sao Tome and Principe,FALSE,2021.01.01,,,2,,Selgitus kodanikule,Sisemine selgitus,,,,,
488,278,3,SV,El Salvador,El Salvadori Vabariik,El Salvador,FALSE,2021.01.01,,,2,,Selgitus kodanikule,Sisemine selgitus,,,,,
489,278,3,SX,Sint Maarten,"St. Martini pıhjaosa kuulub Prantsusmaale ja lıunaosa Hollandile. Hollandi territoorium (NL). Hollandi Antillid (AN, ANT, 530) jagunesid (10.10.2010) Bonaire'iks, Saint Eustatiuseks ja Sabaks (BQ, BES, 535), Cura√ßaoks (CW, CUW, 531) ja Sint Maarteniks (Hollandi osa) (SX, SXM, 534).",Sint Maarten (Dutch part),FALSE,2021.01.01,,,2,,Selgitus kodanikule,Sisemine selgitus,,,,,
490,278,3,SY,S¸¸ria,S¸¸ria Araabia Vabariik,Syrian Arab Republic,FALSE,2021.01.01,,,2,,Selgitus kodanikule,Sisemine selgitus,,,,,
491,278,3,SZ,eSwatini,eSwatini Kuningriik,Eswatini,FALSE,2021.01.01,,,2,,Selgitus kodanikule,Sisemine selgitus,,,,,
492,278,3,TC,Turks ja Caicos,Turksi ja Caicose saared. Suurbritannia territoorium (GB).,Turks and Caicos Islands,FALSE,2021.01.01,,,2,,Selgitus kodanikule,Sisemine selgitus,,,,,
493,278,3,TD,Töaad,Töaadi Vabariik,Chad,FALSE,2021.01.01,,,2,,Selgitus kodanikule,Sisemine selgitus,,,,,
494,278,3,TF,Prantsuse Lıunaalad,Prantsuse Antarktilised ja Lıunaalad. Prantsusmaa territoorium (FR).,French Southern Territories,FALSE,2021.01.01,,,2,,Selgitus kodanikule,Sisemine selgitus,,,,,
495,278,3,TG,Togo,Togo Vabariik,Togo,FALSE,2021.01.01,,,2,,Selgitus kodanikule,Sisemine selgitus,,,,,
496,278,3,TH,Tai,Tai Kuningriik,Thailand,FALSE,2021.01.01,,,2,,Selgitus kodanikule,Sisemine selgitus,,,,,
497,278,3,TJ,Tadûikistan,"Tadûikistani Vabariik. Endine osa NSV Liidust (SU, SUN, 810) enne selle lagunemist.",Tajikistan,FALSE,2021.01.01,,,2,,Selgitus kodanikule,Sisemine selgitus,,,,,
498,278,3,TK,Tokelau,Uus-Meremaa territoorium (NZ),Tokelau,FALSE,2021.01.01,,,2,,Selgitus kodanikule,Sisemine selgitus,,,,,
499,278,3,TL,Timor-Leste,"Timor-Leste Demokraatlik Vabariik. Nimi muudeti (05-2002) Ida-Timorist (TP, TMP, 626) Timor-Leste'iks.",Timor-Leste,FALSE,2021.01.01,,,2,,Selgitus kodanikule,Sisemine selgitus,,,,,
500,278,3,TM,T¸rkmenistan,"Endine osa NSV Liidust (SU, SUN, 810) enne selle lagunemist.",Turkmenistan,FALSE,2021.01.01,,,2,,Selgitus kodanikule,Sisemine selgitus,,,,,
501,278,3,TN,Tuneesia,Tuneesia Vabariik,Tunisia,FALSE,2021.01.01,,,2,,Selgitus kodanikule,Sisemine selgitus,,,,,
502,278,3,TO,Tonga,Tonga Kuningriik,Tonga,FALSE,2021.01.01,,,2,,Selgitus kodanikule,Sisemine selgitus,,,,,
503,278,3,TR,T¸rgi,T¸rgi Vabariik,Turkey,FALSE,2021.01.01,,,2,,Selgitus kodanikule,Sisemine selgitus,,,,,
504,278,3,TT,Trinidad ja Tobago,Trinidadi ja Tobago Vabariik,Trinidad and Tobago,FALSE,2021.01.01,,,2,,Selgitus kodanikule,Sisemine selgitus,,,,,
505,278,3,TV,Tuvalu,"Gilberti ja Ellice saared (GE, GEL, -) jagunevad (1976) j‰rgmisteks osadeks: Gilberti saared liideti Kiribatiga (KI, KIR, 296) ja Ellice saartele lisati Tuvalu (TV, TUV, 798).",Tuvalu,FALSE,2021.01.01,,,2,,Selgitus kodanikule,Sisemine selgitus,,,,,
506,278,3,TW,Taiwan,Hiina territoorium (CN),Taiwan (Province of China),FALSE,2021.01.01,,,2,,Selgitus kodanikule,Sisemine selgitus,,,,,
507,278,3,TZ,Tansaania,Tansaania ‹hendvabariik,"Tanzania, the United Republic of",FALSE,2021.01.01,,,2,,Selgitus kodanikule,Sisemine selgitus,,,,,
508,278,3,UA,Ukraina,"Endine osa NSV Liidust (SU, SUN, 810) enne selle lagunemist.",Ukraine,FALSE,2021.01.01,,,2,,Selgitus kodanikule,Sisemine selgitus,,,,,
509,278,3,UG,Uganda,Uganda Vabariik,Uganda,FALSE,2021.01.01,,,2,,Selgitus kodanikule,Sisemine selgitus,,,,,
510,278,3,UM,‹hendriikide hajasaared,Ameerika ‹hendriikide territoorium (US),United States Minor Outlying Islands,FALSE,2021.01.01,,,2,,Selgitus kodanikule,Sisemine selgitus,,,,,
511,278,3,US,Ameerika ‹hendriigid,,United States of America,FALSE,2021.01.01,,,2,,Selgitus kodanikule,Sisemine selgitus,,,,,
512,278,3,UY,Uruguay,Uruguay Idavabariik,Uruguay,FALSE,2021.01.01,,,2,,Selgitus kodanikule,Sisemine selgitus,,,,,
513,278,3,UZ,Usbekistan,"Usbekistani Vabariik. Endine osa NSV Liidust (SU, SUN, 810) enne selle lagunemist.",Uzbekistan,FALSE,2021.01.01,,,2,,Selgitus kodanikule,Sisemine selgitus,,,,,
514,278,3,VA,P¸ha Tool (Vatikan),Endine nimi: Vatikani Linnriik (P¸ha Tool),Holy See (Vatican City State),FALSE,2021.01.01,,,2,,Selgitus kodanikule,Sisemine selgitus,,,,,
515,278,3,VC,Saint Vincent ja Grenadiinid,,Saint Vincent and the Grenadines,FALSE,2021.01.01,,,2,,Selgitus kodanikule,Sisemine selgitus,,,,,
516,278,3,VE,Venezuela,Venezuela BolÌvari Vabariik,Venezuela (Bolivarian Republic of),FALSE,2021.01.01,,,2,,Selgitus kodanikule,Sisemine selgitus,,,,,
517,278,3,VG,Briti Neitsisaared,Suurbritannia territoorium (GB),Virgin Islands (British),FALSE,2021.01.01,,,2,,Selgitus kodanikule,Sisemine selgitus,,,,,
518,278,3,VI,USA Neitsisaared,Ameerika ‹hendriikide territoorium (US),Virgin Islands (U.S.),FALSE,2021.01.01,,,2,,Selgitus kodanikule,Sisemine selgitus,,,,,
519,278,3,VN,Vietnam,"Vietnami Sotsialistlik Vabariik. Endine Vietnami Demokraatlik Vabariik (VD, VDR, -) kuulub n¸¸d Vietnami koodikirjesse (VN, VNM, 704).",Viet Nam,FALSE,2021.01.01,,,2,,Selgitus kodanikule,Sisemine selgitus,,,,,
520,278,3,VU,Vanuatu,Vanuatu Vabariik,Vanuatu,FALSE,2021.01.01,,,2,,Selgitus kodanikule,Sisemine selgitus,,,,,
521,278,3,WF,Wallis ja Futuna,Prantsusmaa territoorium (FR),Wallis and Futuna,FALSE,2021.01.01,,,2,,Selgitus kodanikule,Sisemine selgitus,,,,,
522,278,3,WS,Samoa,Samoa Iseseisvusriik,Samoa,FALSE,2021.01.01,,,2,,Selgitus kodanikule,Sisemine selgitus,,,,,
523,278,3,XK,Kosovo,"Kosovo Vabariik. Ajutine kood kuni ISO 3166 koodi kehtestamiseni. Kosovo Vabariik kuulutas end 17. veebruaril 2008 ¸hepoolselt Serbiast sıltumatuks, kuid Kosovo iseseisvust ei ole kıik riigid tunnustanud. Serbia peab seda maad oma riigi osaks, kasutades nimetust Kosovo ja Metohija autonoomne piirkond.",Kosovo,FALSE,2021.01.01,,,2,,Selgitus kodanikule,Sisemine selgitus,,,,,
524,278,3,XX,M‰‰ramata,,Not specified,FALSE,2021.01.01,,,2,,Selgitus kodanikule,Sisemine selgitus,,,,,
525,278,3,XY,Mujal nimetamata territooriumid,,Areas not elsewhere specified,FALSE,2021.01.01,,,2,,Selgitus kodanikule,Sisemine selgitus,,,,,
526,278,3,YE,Jeemen,"Jeemeni Vabariik. Demokraatlik Jeemen (YD, YMD, 720) liideti Jeemeniga (YE, YEM, 887).",Yemen,FALSE,2021.01.01,,,2,,Selgitus kodanikule,Sisemine selgitus,,,,,
527,278,3,YT,Mayotte,Prantsusmaa territoorium (FR),Mayotte,FALSE,2021.01.01,,,2,,Selgitus kodanikule,Sisemine selgitus,,,,,
528,278,3,ZA,Lıuna-Aafrika Vabariik,,South Africa,FALSE,2021.01.01,,,2,,Selgitus kodanikule,Sisemine selgitus,,,,,
529,278,3,ZM,Sambia,Sambia Vabariik,Zambia,FALSE,2021.01.01,,,2,,Selgitus kodanikule,Sisemine selgitus,,,,,
530,278,3,ZW,Zimbabwe,"Zimbabwe Vabariik. Nimi muudetud (1980) Lıuna-Rhodesiast (RH, RHO, -) Zimbabweks (ZW, ZWE, 716).",Zimbabwe,FALSE,2021.01.01,,,2,,Selgitus kodanikule,Sisemine selgitus,,,,,
531,0,,ISK,Isiku staatus,Isiku staatus,Individuals status,TRUE,2000.01.01,,,2,,Selgitus kodanikule,Sisemine selgitus,,,,,
532,531,4,ELS,ELUS,ELUS,ALIVE,FALSE,2000.01.01,,,2,,Selgitus kodanikule,Sisemine selgitus,,,,,
533,531,4,SRN,SURNUD,SURNUD,DEAD,FALSE,2000.01.01,,,2,,Selgitus kodanikule,Sisemine selgitus,,,,,
534,531,4,TDM,TEADMATA,TEADMATA,UNKNOWN,FALSE,2000.01.01,,,2,,Selgitus kodanikule,Sisemine selgitus,,,,,
535,531,4,ADP,ANDMED PUUDUVAD,ANDMED PUUDUVAD,NO DATA,FALSE,2000.01.01,,,2,,Selgitus kodanikule,Sisemine selgitus,,,,,
536,0,,KRS,Kirje staatus,Kirje staatus,Letter status,TRUE,2000.01.01,,,1,,Selgitus kodanikule,Sisemine selgitus,,,,,
537,536,5,REG,REGISTRIS,REGISTRIS,IN REGISTRY,FALSE,2000.01.01,,,2,,Selgitus kodanikule,Sisemine selgitus,,,,,
538,536,5,OOT,OOTEL,OOTEL,WAITING,FALSE,2000.01.01,,,2,,Selgitus kodanikule,Sisemine selgitus,,,,,
539,536,5,ARH,ARHIIVIS,ARHIIVIS,ARCHIVED,FALSE,2000.01.01,,,2,,Selgitus kodanikule,Sisemine selgitus,,,,,
540,0,,PKS,Perekonnaseis,Perekonnaseis,Martial status,TRUE,2000.01.01,,,1,,Selgitus kodanikule,Sisemine selgitus,,,,,
541,540,6,VAL,VALLALINE,VALLALINE,SINGLE,FALSE,2000.01.01,,,2,,Selgitus kodanikule,Sisemine selgitus,,,,,
542,540,6,ABI,ABIELUS,ABIELUS,MARRIED,FALSE,2000.01.01,,,2,,Selgitus kodanikule,Sisemine selgitus,,,,,
543,540,6,LAH,LAHUTATUD,LAHUTATUD,DIVORCED,FALSE,2000.01.01,,,2,,Selgitus kodanikule,Sisemine selgitus,,,,,
544,540,6,LES,LESK,LESK,WIDOWED,FALSE,2000.01.01,,,2,,Selgitus kodanikule,Sisemine selgitus,,,,,
545,0,,MNS,SUGU,Sugu,Gender,TRUE,2000.01.01,,,1,,Selgitus kodanikule,Sisemine selgitus,,,,,
546,545,7,M,MEES,MEES,MALE,FALSE,2000.01.01,,,2,,Selgitus kodanikule,Sisemine selgitus,,,,,
547,545,7,N,NAINE,NAINE,FEMALE,FALSE,2000.01.01,,,2,,Selgitus kodanikule,Sisemine selgitus,,,,,
548,0,,STAT,Staatused,Staatused,Statuses,TRUE,2000.01.01,,,1,,Selgitus kodanikule,Sisemine selgitus,,,,,
549,548,8,K,KEHTIV,KEHTIV,VALID,FALSE,2000.01.01,,,2,,Selgitus kodanikule,Sisemine selgitus,,,,,
550,548,8,X,KEHTETU,KEHTETU,INVALID,FALSE,2000.01.02,,,2,,Selgitus kodanikule,Sisemine selgitus,,,,,
551,548,8,O,OOTEL,OOTEL,WAITING,FALSE,2000.01.01,,,2,,Selgitus kodanikule,Sisemine selgitus,,,,,
552,548,8,V,VIGANE,VIGANE,INCORRECT,FALSE,2000.01.01,,,2,,Selgitus kodanikule,Sisemine selgitus,,,,,
553,0,,ADR,Aadressi liik,Aadressi liik,Address types,TRUE,2000.01.01,,,1,,Selgitus kodanikule,Sisemine selgitus,,,,,
554,552,9,E,ELUKOHT,ELUKOHT,RESIDENCE,FALSE,2000.01.01,,,2,,Selgitus kodanikule,Sisemine selgitus,,,,,
555,552,9,V,VIIBIMISKOHT,VIIBIMISKOHT,PLACE OF STAY,FALSE,2000.01.01,,,2,,Selgitus kodanikule,Sisemine selgitus,,,,,
556,552,9,L,LISA-AADRESS,LISA-AADRESS,ALTERNATIVE ADDRESS,FALSE,2000.01.01,,,2,,Selgitus kodanikule,Sisemine selgitus,,,,,
557,552,9,E1,ENDINE ELUKOHT,ENDINE ELUKOHT,FORMER RESIDENCE,FALSE,2000.01.01,,,2,,Selgitus kodanikule,Sisemine selgitus,,,,,
558,0,,AST,Asutuse liik,Asutuse liik,Institution type,TRUE,2000.01.01,,,2,,Selgitus kodanikule,Sisemine selgitus,,,,,
559,558,10,AS1,Riigiasutus,Riigiasutus,Government agency,FALSE,2000.01.01,,,2,,Selgitus kodanikule,Sisemine selgitus,,,,,
560,558,10,AS2,Ettevıte,Ettevıte,Company,FALSE,2000.01.01,,,2,,Selgitus kodanikule,Sisemine selgitus,,,,,
561,0,,DOC,Dokumendi liik,Dokumendi liik,Document type,TRUE,2000.01.01,,,1,,Selgitus kodanikule,Sisemine selgitus,,,,,
562,561,11,D1,ELUKOHATEADE,ELUKOHATEADE,RESIDENCE NOTICE,FALSE,2000.01.01,,,2,,Selgitus kodanikule,Sisemine selgitus,,,,,
563,561,11,D2,JUHILUBA,JUHILUBA,DRIVERS LICENSE,FALSE,2000.01.01,,,2,,Selgitus kodanikule,Sisemine selgitus,,,,,
564,561,11,D3,KODAKONDSUS,KODAKONDSUS,NATIONALITY,FALSE,2000.01.01,,,2,,Selgitus kodanikule,Sisemine selgitus,,,,,
565,561,11,D4,KODAKONDSUSE T‹HISTAMINE,KODAKONDSUSE T‹HISTAMINE,CANCELATION OF CITIZENSHIP,FALSE,2000.01.01,,,2,,Selgitus kodanikule,Sisemine selgitus,,,,,
566,561,11,D5,MƒƒRATLEMATA,MƒƒRATLEMATA,UNKNOWN,FALSE,2000.01.01,,,2,,Selgitus kodanikule,Sisemine selgitus,,,,,
